CERT_NO,Unnamed: 1,APLC_NO,APLC_DT,APLC_PROC_ST,CR_ESTN_TP,CR_ESTN_YEAR,ASET_1ST_AMT,ASET_2ND_AMT,ASET_RT,FNC_1ST_AMT,FNC_2ND_AMT,FNC_RT,NOR_1ST_AMT,NOR_2ND_AMT,NOR_RT,LEND_AMT,PAY_FEE_1ST_AMT,PAY_FEE_2ND_AMT,PAY_FEE_RT,INVST_AMT,REMARK,REL_1ST_AMT,REL_2ND_AMT,REL_RT,SOLV_1ST_AMT,SOLV_2ND_AMT,SOLV_RT,DEBT_1ST_AMT,DEBT_2ND_AMT,DEBT_RT,CNCL_AMT,CNCL_RT,BSNS_1ST_AMT,BSNS_2ND_AMT,BSNS_RT
인증번호,,신청번호,신청일자,신청처리상태,신용평가 유형(정기/비정기),신용평가 년도,계약고대비자산비율(보유계약고),계약고대비자산비율(자산),계약고대비자산비율,선수금대비금융자산비율(누적선수금),선수금대비금융자산비율(금융자산),선수금대비금융자산비율,정상불입구좌비율(정상구좌),정상불입구좌비율(보유전체구좌),정상불입구좌비율,임직원 대여 금액,지급수수료율(판매수당금액),지급수수료율(신규판매총계약고),지급수수료율,출자금액,비고,임직원 및 특수관계자 대여금 + 관계회사 출자금,총자산,비율,자기자본 + 누적선수금,누적선수금,비율,총부채 - 누적선수금,총자산,비율,해약환급금 관련 법위반 벌점,비율,영업이익 (손실),매출 (영업수익),비율
0048,보람상조라이프(주),CR201505-00009,20150526,410,FIX,2015,848394330000,810136355645,95.4,209497905900,74567944697,35.5,146972,283061,51.9,0,15131303000,207702500000,7.3,10100000000,,,,,,,,,,,,,,,
0014,케이비라이프(주),CR201505-00016,20150529,410,FIX,2015,13295300000,10658657523,80.1,3672580000,290000057,7.8,1698,3997,42.4,0,326470000,3480200000,9.4,100000000,,,,,,,,,,,,,,,
0138,(주)경우라이프,CR201506-00003,20150601,410,FIX,2015,97851196000,95058337662,97.1,20047938210,6126031203,30.5,30799,32464,94.8,50710537,11288075292,82215776500,13.7,0,,,,,,,,,,,,,,,
0005,(주)국민상조,CR201506-00009,20150601,410,FIX,2015,267961984500,214442274301,80,98142780000,9765218670,9.9,70096,93038,75.3,0,7492523980,109468279100,6.8,5500000000,,,,,,,,,,,,,,,
0120,(주)에이플러스라이프,CR201506-00011,20150601,410,FIX,2015,127626400000,130007919753,101.8,26349269488,2323483697,8.8,22483,27594,81.4,875000000,5616368160,81742240000,6.9,0,,,,,,,,,,,,,,,
0042,(주)제이케이,CR201506-00038,20150604,410,FIX,2015,189870769000,183916301931,96.8,48894748920,5119258566,10.4,46198,54988,84,0,14319119300,134295743000,10.7,460000000,,,,,,,,,,,,,,,
0130,(주)궁전실버뱅크,CR201506-00039,20150605,410,FIX,2015,7099080000,5180143286,72.9,2571927180,79393259,3,1705,2053,83,0,234528300,3185990000,7.4,0,,,,,,,,,,,,,,,
0101,보람상조피플(주),CR201605-00004,20160520,410,FIX,2016,141253600000,136763343304,96.8,42207092500,15377722670,36.4,27133,33507,80.9,0,5818109000,96861100000,6,0,,,,,,,,,,,,,,,
0047,한강라이프(주),CR201606-00024,20160610,410,FIX,2016,606032500000,582409762152,96.1,133138897600,11408488684,8.5,101899,157621,64.6,0,58250229800,413062300000,14.1,1200000000,2016년 신용평가율 산정,,,,,,,,,,,,,,
0117,(주)유토피아퓨처,CR201606-00028,20160614,410,FIX,2016,44411712400,38838987610,87.4,12411646800,789986426,6.3,12066,12652,95.3,0,4140298196,35622442000,11.6,0,2016년신용평가율 산정,,,,,,,,,,,,,,
0049,보람상조프라임(주),CR201606-00033,20160615,410,FIX,2016,379923800000,357497838429,94,117493573500,24875153847,21.1,91225,97652,93.4,0,16226521000,244433600000,6.6,990000000,,,,,,,,,,,,,,,
0103,보람상조플러스(합병),CR201606-00034,20160615,410,FIX,2016,4430100000,3897880642,87.9,1445500000,186343752,12.8,1025,1108,92.5,0,263220000,2849600000,9.2,0,,,,,,,,,,,,,,,
0106,현대에스라이프(주),CR201606-00039,20160620,410,FIX,2016,125603467000,131582032589,104.7,40894251800,16008627197,39.1,21492,37164,57.8,0,4441932155,57879700000,7.7,0,2016년 신용평가율 산정,,,,,,,,,,,,,,
0007,(주)길쌈상조,CR201606-00042,20160622,410,FIX,2016,31656817000,26656519814,84.2,17139124800,103906881,0.6,7826,8770,89.2,0,397078900,4857970000,8.2,300000000,2016년 신용평가율 산정,,,,,,,,,,,,,,
0110,농촌사랑(주),CR201607-00001,20160706,410,FIX,2016,2786480000,1768193467,63.4,1723183800,142016797,8.2,891,935,95.2,0,10313970,137000000,7.5,0,2016년 신용평가율 산정,,,,,,,,,,,,,,
0041,다나상조(주),CR201607-00002,20160706,410,FIX,2016,39230387500,42303480896,107.8,12320370000,3633527749,29.4,10628,11407,93.1,0,2900270771,28380180000,10.2,100000000,2016년 신용평가율 산정,,,,,,,,,,,,,,
0025,(주)에이스라이프,CR201607-00004,20160706,410,FIX,2016,67992197200,58759644779,86.4,20552372645,716396136,3.4,15322,16111,95.1,0,341993369,28966080000,1.2,300000000,2016년 신용평가율산정,,,,,,,,,,,,,,
0125,우리상조(주),CR201607-00006,20160708,410,FIX,2016,2154300000,1803393133,83.7,1105805000,1642476,0.1,424,683,62,577370000,10374000,154200000,6.7,0,2016년 신용평가율산정표,,,,,,,,,,,,,,
0040,세종라이프(주),CR201607-00007,20160708,410,FIX,2016,3854180000,3112785963,80.7,1334100500,197842787,14.8,915,1252,73,0,173674000,2060040000,8.4,100000000,2016년 신용평가율 산정,,,,,,,,,,,,,,
0034,한솔라이프(주),CR201607-00008,20160708,410,FIX,2016,20780339500,14664545948,70.5,9798505000,298037743,3,4608,8158,56.4,0,1233612970,16930650000,7.3,500000000,2016년 신용평가율 산정,,,,,,,,,,,,,,
0034,한솔라이프(주),CR201607-00009,20160711,410,FIX,2016,28052111000,21936317448,78.1,9798505000,298037743,3,4608,8158,56.4,0,1233612970,16930650000,7.3,500000000,2016년 신용평가율 산정,,,,,,,,,,,,,,
0040,세종라이프(주),CR201707-00002,20170701,410,FIX,2017,100,60,60,100,15,15,100,100,100,50000000,1,100,1,100000000,신 기준 전산 개발 전 임시적용,,,,,,,,,,,,,,
0046,더리본(주),CR201505-00001,20150518,410,FIX,2015,353031410000,363344898323,102.9,73458014500,14469531179,19.6,87869,94408,93,0,20851957000,261794230000,8,700000000,,,,,,,,,,,,,,,
0125,우리상조(주),CR201505-00005,20150520,410,FIX,2015,2551500000,2156088115,84.5,988000000,21463712,2.2,712,808,88.1,231364500,17660000,265800000,6.6,0,,,,,,,,,,,,,,,
0013,모던종합상조(주),CR201505-00004,20150519,410,FIX,2015,78861296400,78908141016,100,25280971850,3652762339,14.4,17676,24866,71,0,2846255750,38090311300,7.5,900000000,,,,,,,,,,,,,,,
0050,보람상조개발(주),CR201505-00008,20150526,410,FIX,2015,739885030000,694198439673,93.8,156651760000,24358143063,15.5,66117,271221,24.3,0,13527351000,202893500000,6.7,3100000000,,,,,,,,,,,,,,,
0047,한강라이프(주),CR201505-00013,20150527,410,FIX,2014,654817260000,635316335597,97,121055900000,8035509492,6.6,123689,170536,72.5,100000000,76788451400,516556900000,14.9,1200000000,,,,,,,,,,,,,,,
0015,투어라이프(주),CR201506-00007,20150601,410,FIX,2015,38181840000,33705918977,88.2,17982913400,1114462086,6.1,14573,15284,95.3,2979339216,2011700000,21749900000,9.2,350000000,,,,,,,,,,,,,,,
0051,보람상조실로암(주),CR201506-00012,20150601,410,FIX,2015,155446027950,141890781770,91.2,33614737522,1144704412,3.4,45802,60864,75.2,308945841,4714067500,98503902150,4.8,300000000,,,,,,,,,,,,,,,
0047,한강라이프(주),CR201506-00013,20150601,410,FIX,2015,654817260000,635317115597,97,121055120000,8228966078,6.7,123689,170536,72.5,100200000,76788451400,516556900000,14.9,1200000000,,,,,,,,,,,,,,,
0025,(주)에이스라이프,CR201506-00016,20150602,410,FIX,2015,64591249200,54955335940,85,19121122365,602259960,3.1,15837,16324,97,0,148603500,35432192000,0.4,300000000,,,,,,,,,,,,,,,
0041,다나상조(주),CR201506-00017,20150602,410,FIX,2015,37837925000,40569359225,107.2,10175377500,2536764711,24.9,10367,11115,93.2,0,3293359300,31539570000,10.4,100000000,,,,,,,,,,,,,,,
0135,(주)위드라이프그룹,CR201506-00020,20150602,410,FIX,2015,43340520000,42937715794,99,5285646000,241511142,4.5,7661,11254,68,200000,4401346680,38028600000,11.6,0,,,,,,,,,,,,,,,
0007,(주)길쌈상조,CR201506-00021,20150602,410,FIX,2015,38986870000,35718414269,91.6,17172105000,194676251,1.1,9407,10776,87.2,0,1275323200,16162170000,7.9,300000000,,,,,,,,,,,,,,,
0117,(주)유토피아퓨처,CR201506-00023,20150603,410,FIX,2015,30825994400,25705973079,83.3,10378132000,350793096,3.3,8932,9151,97.6,0,2172201866,19091158000,11.4,0,,,,,,,,,,,,,,,
0035,(주)보훈라이프,CR201506-00024,20150603,410,FIX,2015,7295960000,5334505492,73.1,4878139000,1103088319,22.6,4335,4693,92.3,0,148078800,2414700000,6.1,300000000,,,,,,,,,,,,,,,
0101,보람상조피플(주),CR201506-00032,20150603,410,FIX,2015,280111000000,274087214661,97.8,40789407500,10327202422,25.3,31546,67538,46.7,0,11252083000,191294600000,5.9,0,,,,,,,,,,,,,,,
0130,(주)궁전실버뱅크,CR201506-00034,20150604,410,FIXN,2014,7099080000,5180143286,72.9,2571927180,79393259,3,1705,2053,83,0,234528300,3185990000,7.4,0,,,,,,,,,,,,,,,
0003,(주)씨에스라이프,CR201506-00036,20150604,410,FIX,2015,1858500000,1344104305,72.3,976730000,27522351,2.8,610,949,64.2,0,10869000,158700000,6.8,100000000,,,,,,,,,,,,,,,
0102,보람상조유니온(주),CR201605-00002,20160519,410,FIX,2016,71851700000,69562832180,96.8,26582477500,14348142152,53.9,18188,20932,86.8,0,1671256000,28923200000,5.8,0,,,,,,,,,,,,,,,
0105,보람상조나이스(주),CR201605-00003,20160519,410,FIX,2016,13802600000,11724688304,84.9,5762660000,1685167507,29.2,3122,3661,85.2,0,159559000,2763200000,5.8,0,,,,,,,,,,,,,,,
0048,보람상조라이프(주),CR201605-00006,20160523,410,FIX,2016,507038830000,479141254532,94.4,204782417400,63107361404,30.8,154274,182721,84.4,0,23207374000,298869400000,7.8,10100000000,,,,,,,,,,,,,,,
0049,보람상조프라임(주),CR201605-00008,20160523,410,FIX,2016,379923800000,357497838429,94,117493573500,24875153847,21.1,91225,97652,93.4,0,16226521000,244433600000,6.6,990000000,,,,,,,,,,,,,,,
0117,(주)유토피아퓨처,CR201606-00008,20160607,410,FIX,2016,44411712400,38838987610,87.4,12411646800,789986426,6.3,12066,12652,95.3,0,4140298196,35622442000,11.6,0,2016년 신용평가율 산정,,,,,,,,,,,,,,
0014,케이비라이프(주),CR201606-00014,20160607,410,FIX,2016,12788240000,10250828044,80.1,3664327000,333415461,9,1510,3817,39.5,0,165449000,1846200000,9,100000000,,,,,,,,,,,,,,,
0013,모던종합상조(주),CR201606-00015,20160607,410,FIX,2016,89910865000,91815905082,102.1,27305980550,1975998846,7.2,19737,26722,73.8,0,3537034450,46155185400,7.7,900000000,2016년 신용평가율 산정,,,,,,,,,,,,,,
0116,(주)대노복지사업단,CR201606-00016,20160608,410,FIX,2016,132787668600,128804454559,97,32284478600,2632844176,8.1,33101,37567,88.1,0,13465653093,123273125000,10.9,0,2016년 신용평가율 산정,,,,,,,,,,,,,,
0004,고려상조(주),CR201606-00017,20160608,410,FIX,2016,11665588000,11583887084,99.2,10233726000,289793381,2.8,4414,4564,96.7,0,42720000,427200000,10,700000000,2016년 신용평가율 산정,,,,,,,,,,,,,,
0103,보람상조플러스(합병),CR201505-00012,20150526,410,FIX,2015,5897200000,5468046593,92.7,1266627500,144438401,11.4,1039,1526,68,0,199720000,2184700000,9.1,0,,,,,,,,,,,,,,,
0020,아름다운상조(주),CR201505-00007,20150521,410,FIX,2015,40697609466,33208995962,81.5,13841419900,2285860898,16.5,10315,10689,96.5,0,2717310900,31445054000,8.6,410000000,,,,,,,,,,,,,,,
0043,보람상조리더스(합병),CR201505-00010,20150526,410,FIX,2015,443985550000,437104254164,98.4,63539742500,28639533442,45,62007,108918,56.9,0,19218839000,290666500000,6.6,270000000,,,,,,,,,,,,,,,
0033,한라상조(주),CR201506-00001,20150601,410,FIX,2015,306191754000,286899342429,93.6,125353591200,21198378978,16.9,67864,88377,76.7,0,13346517100,117146830000,11.4,5000000000,,,,,,,,,,,,,,,
0017,행운라이프(주),CR201506-00014,20150602,410,FIX,2015,14926170000,13591990732,91,6161187400,1776230420,28.8,4477,4690,95.4,0,1390366380,17825210000,7.8,120000000,,,,,,,,,,,,,,,
0122,(주)실버뱅크,CR201506-00027,20150603,410,FIX,2015,8112642000,6199685596,76.4,3546882497,379092849,10.6,1556,2443,63.6,190000000,108936250,1088183000,10,0,,,,,,,,,,,,,,,
0040,세종라이프(주),CR201506-00037,20150604,410,FIX,2015,3527480000,2870134221,81.3,1165856000,144103007,12.3,932,1171,79.5,0,179555000,2131380000,8.4,100000000,,,,,,,,,,,,,,,
0033,한라상조(주),CR201606-00002,20160607,410,FIX,2016,283550850000,272822005097,96.2,124688645800,35015705677,28,56741,82318,68.9,0,2211987950,31174035000,7.1,5000000000,2016년 신용평가율 산정,,,,,,,,,,,,,,
0111,제이에이치라이프(주),CR201606-00006,20160607,410,FIX,2016,18352490000,14364625426,78.2,13998399500,564829126,4,6088,7112,85.6,0,273750120,3346650000,8.2,0,2016년 신용평가율 산정,,,,,,,,,,,,,,
0135,(주)위드라이프그룹,CR201606-00009,20160607,410,FIX,2016,54396360000,53558374145,98.4,7666016000,368065932,4.8,9632,14018,68.7,0,5376379060,42708360000,12.6,0,2016년 신용평가율산정,,,,,,,,,,,,,,
0042,(주)제이케이,CR201606-00011,20160607,410,FIX,2016,189781861000,186827576653,98.4,55052471600,8870763735,16.1,50032,54210,92.2,0,13318073000,137577713000,9.7,460000000,2016년 신용평가율 산정,,,,,,,,,,,,,,
0046,더리본(주),CR201606-00018,20160609,410,FIX,2016,482508045000,474957085951,98.4,96448885000,18163195905,18.8,116862,125891,92.8,0,32840482000,420679330000,7.8,700000000,2016년 신용평가율 산정,,,,,,,,,,,,,,
0031,크리스찬상조(주),CR201606-00020,20160609,410,FIX,2016,64235018000,60893495814,94.7,10645781050,2263111234,21.2,18521,22020,84.1,0,3279025000,53258000000,6.2,100000000,2016년 신용평가율 산정,,,,,,,,,,,,,,
0041,다나상조(주),CR201606-00021,20160609,410,FIX,2016,39230387500,42303480896,107.8,12320370000,3633527749,29.4,10628,11407,93.1,0,3000270771,28380180000,10.6,100000000,2016년 신용평가율 산정,,,,,,,,,,,,,,
0031,크리스찬상조(주),CR201606-00022,20160609,410,FIX,2016,64235018000,60751830757,94.5,10645781050,2263611234,21.2,18521,22020,84.1,0,3279025000,53258000000,6.2,100000000,2016년 신용평가율 산정,,,,,,,,,,,,,,
0128,(주)천궁실버라이프,CR201606-00029,20160614,410,FIX,2016,159879604800,137617012121,86,56849178127,2413138202,4.2,36833,48825,75.4,0,11815276800,110560951000,10.7,0,2016년 신용평가율 산정,,,,,,,,,,,,,,
0050,보람상조개발(주),CR201606-00030,20160615,410,FIX,2016,392389890000,385606706652,98.2,147018665000,37154828298,25.2,86644,124097,69.8,0,15581186000,208759700000,7.5,3100000000,,,,,,,,,,,,,,,
0048,보람상조라이프(주),CR201606-00031,20160615,410,FIX,2016,507038830000,479141254532,94.4,204782417400,63107361404,30.8,154274,182721,84.4,0,23207374000,298869400000,7.8,10100000000,,,,,,,,,,,,,,,
0043,보람상조리더스(합병),CR201606-00032,20160615,410,FIX,2016,306481080000,303481594927,99,73636042500,39650449666,53.8,62522,73079,85.5,0,20442567000,280521100000,7.3,270000000,,,,,,,,,,,,,,,
0101,보람상조피플(주),CR201606-00035,20160615,410,FIX,2016,141253600000,136763343304,96.8,42207092500,15377722670,36.4,27133,33507,80.9,0,5818109000,96861100000,6,0,2016년 신용평가율 산정,,,,,,,,,,,,,,
0102,보람상조유니온(주),CR201606-00036,20160615,410,FIX,2016,71851700000,69562832180,96.8,26582477500,14348142152,53.9,18188,20932,86.8,0,1671256000,28923200000,5.8,0,2016년 신용평가율 산정,,,,,,,,,,,,,,
0104,보람상조임팩트(주),CR201606-00037,20160615,410,FIX,2016,42576100000,41235441079,96.8,16480555000,8720853613,52.9,9198,10959,83.9,0,633119000,10956000000,5.8,0,2016년 신용평가율 산정,,,,,,,,,,,,,,
0028,좋은라이프(주),CR201606-00041,20160620,410,FIX,2015,289348292400,272728759516,94.2,75895451600,7328898344,9.6,71076,80067,88.7,4555751,24584393620,247119130200,9.9,2500000000,,,,,,,,,,,,,,,
0033,한라상조(주),CR201505-00014,20150527,410,FIX,2014,306191754000,286899342429,93.6,125353591200,21198378978,16.9,67864,88377,76.7,0,13346517100,117146830000,11.4,5000000000,,,,,,,,,,,,,,,
0111,제이에이치라이프(주),CR201506-00002,20150601,410,FIX,2015,20225460000,17400180695,86,14607509800,908488093,6.2,7120,7901,90.1,0,413777560,4651830000,8.9,0,,,,,,,,,,,,,,,
0031,크리스찬상조(주),CR201505-00002,20150519,410,FIX,2014,48289924000,45438763811,94,6955077550,877885718,12.6,14306,16506,86.6,0,2706650000,43736682000,6.2,100000000,,,,,,,,,,,,,,,
0018,아가페라이프(주),CR201505-00006,20150520,410,FIX,2015,40243400000,32668709857,81.1,14454155000,2188201534,15.1,15260,19285,79.1,0,1549932000,24325300000,6.4,500000000,,,,,,,,,,,,,,,
0047,한강라이프(주),CR201506-00004,20150601,410,FIX,2015,654817260000,635316335597,97,121055900000,8035509492,6.6,123689,170536,72.5,100000000,76788451400,516556900000,14.9,1200000000,,,,,,,,,,,,,,,
0040,세종라이프(주),CR201506-00006,20150601,410,FIX,2015,3527480000,2870134221,81.3,1165856000,144103007,12.3,932,1171,79.5,0,179555000,2131380000,8.4,100000000,,,,,,,,,,,,,,,
0004,고려상조(주),CR201506-00008,20150601,410,FIX,2015,14483511000,14039465355,96.9,12141128000,490476415,4,5496,5669,96.9,30000000,66120000,654720000,10.1,700000000,,,,,,,,,,,,,,,
0116,(주)대노복지사업단,CR201506-00010,20150601,410,FIX,2015,113077588600,110792308831,97.9,24069381100,1157156771,4.8,29645,33078,89.6,0,13084253288,126087198600,10.4,0,,,,,,,,,,,,,,,
0045,(주)온누리,CR201506-00015,20150602,410,FIX,2015,5523462480,4342003549,78.6,3461817680,184986025,5.3,1844,2050,89.9,83815773,71448200,867990000,8.2,150000000,,,,,,,,,,,,,,,
0034,한솔라이프(주),CR201506-00018,20150602,410,FIX,2015,30896360000,25111131802,81.2,9496409500,296451634,3.1,5497,8453,65,0,1452929890,18575520000,7.8,500000000,,,,,,,,,,,,,,,
0128,(주)천궁실버라이프,CR201506-00019,20150602,410,FIX,2015,152302385000,129819005455,85.2,51133739090,2053300439,4,37258,47809,77.9,0,12601947415,115087760000,10.9,0,,,,,,,,,,,,,,,
0105,보람상조나이스(주),CR201506-00028,20150603,410,FIX,2015,37635300000,34887907810,92.6,6069530000,983847392,16.2,3585,10173,35.2,0,460405000,7962900000,5.8,0,,,,,,,,,,,,,,,
0028,좋은라이프(주),CR201506-00029,20150603,410,FIX,2015,261507066075,254083028514,97.1,67048295875,4439284481,6.6,65830,73900,89,5865691,25433707930,250369378300,10.2,2500000000,,,,,,,,,,,,,,,
0102,보람상조유니온(주),CR201506-00030,20150603,410,FIX,2015,130135580000,126571243760,97.2,25461407500,9155842348,35.9,20680,35908,57.5,0,4052353000,70123100000,5.8,0,,,,,,,,,,,,,,,
0104,보람상조임팩트(주),CR201506-00031,20150603,410,FIX,2015,78943300000,76778367486,97.2,16032622500,6955881128,43.3,10682,20496,52.1,0,1851166000,31997200000,5.8,0,,,,,,,,,,,,,,,
0006,금강문화허브(주),CR201506-00033,20150603,410,FIX,2015,227911840000,221221202259,97,43366437950,12549667917,28.9,68677,73649,93.2,0,5319961305,142206820000,3.7,1100000000,,,,,,,,,,,,,,,
0048,보람상조라이프(주),CR201506-00040,20150605,410,FIX,2015,848394330000,810136355645,95.4,209497905900,74567944697,35.5,146972,283061,51.9,0,15131303000,207702500000,7.3,10100000000,,,,,,,,,,,,,,,
0104,보람상조임팩트(주),CR201605-00005,20160520,410,FIX,2016,42576100000,41235441079,96.8,16480555000,8720853613,52.9,9198,10959,83.9,0,633119000,10956000000,5.8,0,,,,,,,,,,,,,,,
0051,보람상조실로암(주),CR201606-00001,20160607,410,FIX,2016,146932201250,130689002923,88.9,35350156150,2024534285,5.7,40761,57363,71,0,4209262500,105346362000,4,300000000,2016년 신용평가율 산정,,,,,,,,,,,,,,
0116,(주)대노복지사업단,CR201606-00004,20160607,410,FIX,2016,132787668600,128804454559,97,32284478600,2632844176,8.1,33101,37567,88.1,0,13465653093,123273125000,10.9,0,2016년 신용평가율 산정,,,,,,,,,,,,,,
0035,(주)보훈라이프,CR201606-00005,20160607,410,FIX,2016,7549959000,6144687812,81.3,4647909000,728566954,15.6,4202,4567,92,0,158018400,2560800000,6.2,300000000,2016년 신용평가율 산정,,,,,,,,,,,,,,
0020,아름다운상조(주),CR201606-00019,20160609,410,FIX,2016,39926523866,34613709111,86.6,14985335440,2638422045,17.6,9398,9935,94.5,0,2184315900,27329081000,8,410000000,2016년 신용평가율 산정,,,,,,,,,,,,,,
0117,(주)유토피아퓨처,CR201606-00025,20160610,410,FIX,2016,44411712400,38838987610,87.4,12411646800,789986426,6.3,12066,12652,95.3,0,6838922010,32000065600,21.4,0,2016년 신용평가율 산정,,,,,,,,,,,,,,
0033,한라상조(주),CR201606-00026,20160610,410,FIX,2016,283550850000,272822005097,96.2,124688645800,35015705677,28,56741,82318,68.9,0,2211987950,31174035000,7.1,5000000000,2016년 신용평가율 산정,,,,,,,,,,,,,,
0110,농촌사랑(주),CR201505-00003,20150519,410,FIX,2015,2618673000,2069187557,79,1211383400,157643568,13,911,994,91.6,0,1427940,21800000,6.6,0,,,,,,,,,,,,,,,
0049,보람상조프라임(주),CR201505-00011,20150526,410,FIX,2015,404523670000,386092525282,95.4,103864848250,34136168207,32.8,83257,107551,77.4,0,13647547000,218868100000,6.2,990000000,,,,,,,,,,,,,,,
0005,(주)국민상조,CR201505-00015,20150528,410,FIX,2014,267961984500,214442274301,80,98142780000,9765218670,9.9,70096,93038,75.3,0,7492523980,109468279100,6.8,5500000000,,,,,,,,,,,,,,,
0106,현대에스라이프(주),CR201505-00017,20150529,410,FIX,2015,120647499000,125532970900,104,38805983450,15870325163,40.8,22580,38726,58.3,0,5129859955,67171981000,7.6,0,,,,,,,,,,,,,,,
0030,(주)센텀종합상조,CR201506-00005,20150601,410,FIX,2015,1703740000,1213110339,71.2,872795000,10439570,1.2,333,373,89.2,9359200,17115630,265800000,6.4,100000000,,,,,,,,,,,,,,,
0117,(주)유토피아퓨처,CR201506-00022,20150603,410,FIX,2014,30825994400,25705973079,83.3,10378132000,350793096,3.3,8932,9151,97.6,0,2172201866,19091158000,11.4,0,,,,,,,,,,,,,,,
0026,(주)이화상조,CR201506-00025,20150603,410,FIX,2015,35578420000,29529887306,82.9,12912396000,540943444,4.1,7966,11182,71.2,0,837014400,10386480000,8.1,310000000,,,,,,,,,,,,,,,
0022,파인라이프(주),CR201506-00026,20150603,410,FIX,2015,4026735000,3133693788,77.8,1392580100,29995803,2.2,1162,1162,100,1567778,137925000,1926775000,7.2,100000000,,,,,,,,,,,,,,,
0008,나라라이프(주),CR201506-00035,20150604,410,FIX,2015,13498930000,11328305256,83.9,5975235000,859539391,14.3,3149,4487,70.1,18468622,329904000,4944600000,6.7,430000000,,,,,,,,,,,,,,,
0050,보람상조개발(주),CR201605-00001,20160519,410,FIX,2016,392389890000,385606706652,98.2,147018665000,37154282298,25.2,86644,124097,69.8,0,15581186000,208759700000,7.5,3100000000,,,,,,,,,,,,,,,
0043,보람상조리더스(합병),CR201605-00007,20160523,410,FIX,2016,306481080000,303481594927,99,73636042500,39650449666,53.8,62522,73079,85.5,0,20442567000,280521100000,7.3,270000000,,,,,,,,,,,,,,,
0103,보람상조플러스(합병),CR201605-00009,20160523,410,FIX,2016,4430100000,3897880642,87.9,1445500000,186343752,12.8,1025,1108,92.5,0,263220000,2849600000,9.2,0,,,,,,,,,,,,,,,
0128,(주)천궁실버라이프,CR201606-00003,20160607,410,FIX,2016,159879604800,137617012121,86,56849178127,2413138202,4.2,36833,48825,75.4,0,11815276800,110560951000,10.7,0,2016년 신용평가율 산정,,,,,,,,,,,,,,
0015,투어라이프(주),CR201606-00007,20160607,410,FIX,2016,34258560000,32412891891,94.6,18685990900,795717459,4.2,12985,13663,95,3020504502,1560862500,17180100000,9.1,350000000,2016년 신용평가율 산정,,,,,,,,,,,,,,
0003,(주)씨에스라이프,CR201606-00010,20160607,410,FIX,2016,1703400000,1226525888,72,905530000,35361953,3.9,522,856,60.9,0,4254000,69600000,6.1,100000000,2016년 신용평가율 산정,,,,,,,,,,,,,,
0120,(주)에이플러스라이프,CR201606-00012,20160607,410,FIX,2016,188880880000,198731567619,105.2,30831162368,5221352759,16.9,35544,42581,83.4,547500002,9408234566,142034009760,6.6,0,2016년 신용평가율 산정,,,,,,,,,,,,,,
0050,보람상조개발(주),CR201606-00013,20160607,410,FIX,2016,392389890000,385606706652,98.2,147018665000,37154828298,25.2,86644,124097,69.8,0,15581186000,208759700000,7.5,3100000000,,,,,,,,,,,,,,,
0018,아가페라이프(주),CR201606-00023,20160609,410,FIX,2016,38535400000,30850714516,80,14563295000,2629416463,18,13339,17958,74.2,0,1142950000,17345500000,6.6,500000000,2016년 신용평가율 산정,,,,,,,,,,,,,,
0020,아름다운상조(주),CR201606-00027,20160613,410,FIX,2016,39926523866,34494770349,86.3,14985335440,2638422045,17.6,9398,9935,94.5,0,2184285900,27329081000,8,410000000,2016년 신용평가율 산정,,,,,,,,,,,,,,
0105,보람상조나이스(주),CR201606-00038,20160615,410,FIX,2016,13802600000,11724688304,84.9,5762660000,1685167507,29.2,3122,3661,85.2,0,159559000,2763200000,5.8,0,2016년 신용평가율 산정,,,,,,,,,,,,,,
0006,금강문화허브(주),CR201606-00040,20160620,410,FIX,2016,272424654600,263693807365,96.7,50498684050,14957042955,29.6,74048,81757,90.5,0,7650983584,213179580000,3.6,1100000000,2016년 신용평가율산정,,,,,,,,,,,,,,
0020,아름다운상조(주),CR201607-00003,20160706,410,FIX,2016,39926523866,34494770349,86.3,14985335440,2638422045,17.6,9398,9935,94.5,0,2084285900,27329081000,7.6,410000000,2016년 신용평가율산정,,,,,,,,,,,,,,
0022,파인라이프(주),CR201607-00005,20160708,410,FIX,2016,3575825000,2713865771,75.8,1422915900,27814704,2,740,1034,71.5,0,62874700,623875000,10.1,100000000,2016년 신용평가율 산정,,,,,,,,,,,,,,
0139,보람상조애니콜(주),AD201801-00001,20180116,410,FIX,2018,100,55,55,100,100,100,100,100,100,0,1,100,1,,,,,,,,,,,,,,,,
0046,더리본(주),CR201806-00004,20180629,410,FIX,2018,631587957300,599118736236,94.8,152339139900,20232722850,13.2,160440,175841,91.2,,47301381000,628755525400,7.5,700000000,2018년도 신용평가 ,3642024,119869918836,0,97759808594,152339139900,64.1,27453882804,119869918836,22.9,0,100,11066512641,93713306104,-11.8
0014,케이비라이프(주),CR201806-00013,20180629,410,FIX,2018,4412617000,2504404036,56.7,3145040000,391165798,12.4,1174,1786,65.7,,76912000,961380000,8,100000000,2018년도 신용평가,4904110,1236827036,0.3,859751980,3145040000,27.3,19258056,1236827036,1.5,0,100,188073730,115734092,-162.5
0104,보람상조임팩트(주),CR201806-00018,20180629,410,FIX,2018,29235855000,27670442535,94.6,18537862500,10757795728,58,7215,8694,82.9,,654000,7800000,8.3,0,2018 신용평가,0,16972450035,0,16843966493,18537862500,90.8,130761042,16972450035,0.7,0,100,310681455,1052292362,-29.5
0102,보람상조유니온(주),CR201806-00026,20180629,410,FIX,2018,50466512500,47893642399,94.9,30708620000,16345886509,53.2,15142,17551,86.2,,327000,8800000,3.7,0,2018년 신용평가,0,28135749899,0,30142228205,30708620000,98.1,194816694,28135749899,0.6,0,100,493765108,1712262907,-28.8
0101,보람상조피플(주),CR201806-00027,20180629,410,FIX,2018,92795375000,87593562531,94.3,50360497500,22928053199,45.5,21097,26988,78.1,,492075000,8068800000,6,0,2018 신용평가,0,45158685031,0,44640077860,50360497500,88.6,507889671,45158685031,1.1,0.5,96.6,1045425479,2843863945,-36.7
0043,보람상조리더스(합병),CR201806-00029,20180629,410,FIX,2018,313780215000,308271022369,98.2,113796787500,53706700727,47.1,71171,97066,73.3,,20879174000,258701100000,8,270000000,2018 신용평가,10000000,108287594869,0,107284930879,113796787500,94.2,1432434000,108287594869,1.3,0.5,96.6,3707409509,6788077420,-54.6
0125,우리상조(주),CR201806-00035,20180629,410,FIX,2018,819540000,823199624,100.4,682660000,975633,0.1,133,303,43.8,,0,0,0,0,2018년도 신용평가,502870000,686319624,73.2,681526821,682660000,99.8,4792803,686319624,0.6,0,100,122622038,258460000,-47.4
0120,(주)에이플러스라이프,CR201806-00037,20180629,410,FIX,2018,202232498034,212447969987,105,41501244710,28445851833,68.5,46232,65587,70.4,,15736193439,246678965430,6.3,0,2018년 공제계약 갱신,7258772723,51716716663,14,50758394035,41501244710,122.3,958322628,51716716663,1.8,0,100,157508609,9913466444,-1.5
0128,(주)천궁실버라이프,CR201806-00043,20180629,410,FIX,2018,136416328698,109960660762,80.6,65076063840,363921919,0.6,38119,52705,72.3,,11058750500,98806107800,11.1,0,2018년도 신용평가,592001690,38620395904,1.5,29836261345,65076063840,45.8,8772729559,38620395904,22.7,0,100,4710082337,3263244396,-144.3
0031,크리스찬상조(주),CR202007-00002,20200701,410,FIX,2020,60428761500,55462498087,91.7,26572113200,3084376781,11.6,19824,25652,77.2,,1193000000,17746200000,6.7,870000000,2020신용평가,1609041096,21605849787,7.4,19424267587,26572113200,73.1,2190879200,21605849787,10.1,0,100,-396567776,1314315449,-30.2
0006,금강문화허브(주),CR202007-00004,20200701,410,FIX,2020,176519584400,160478327186,90.9,65864413100,22704302440,34.4,50873,61458,82.7,,772800466,17717206000,4.3,1100000000,2020년 신용평가,1541185601,49823155886,3,49690933699,65864413100,75.4,121732187,49823155886,0.2,0,100,-281299748,1605800058,-17.6
0135,(주)위드라이프그룹,CR202007-00010,20200701,410,FIX,2020,99586339280,94776555112,95.1,35068226038,1567656908,4.4,24785,40376,61.3,,9133871000,80598480000,11.3,100000000,2020년 신용평가,0,30258441870,0,22268537382,35068226038,63.5,1354454488,30258441870,4.4,0,100,-4569063577,4471567880,-102.2
0014,케이비라이프(주),CR202007-00018,20200701,410,FIX,2020,3445561000,2009257974,58.3,2785003000,56120302,2,915,1419,64.4,,29377000,354720000,8.2,100000000,2020년 신용평가,0,1348699974,0,761784921,2785003000,27.3,133408053,1348699974,9.8,0.5,96.6,-333508195,264963345,-125.9
0018,아가페라이프(주),CR202007-00019,20200701,410,FIX,2020,24510213000,19001469198,77.5,14460471000,2628586213,18.1,10177,11941,85.2,,504335000,7061280000,7.1,660000000,2020년 신용평가,0,8951727198,0,5817013478,14460471000,40.2,150193570,8951727198,1.6,0.5,96.6,-704119939,574089905,-122.7
0111,제이에이치라이프(주),CR202007-00022,20200701,410,FIX,2020,10056970150,7145634274,71,8124301650,520720240,6.4,3094,5313,58.2,,546927000,7277220000,7.5,100000000,2020년 신용평가,0,5212965774,0,-207602114,8124301650,-2.6,5420567888,5212965774,103.9,0.5,96.6,-220779458,388520577,-56.9
0111,제이에이치라이프(주),CR202007-00023,20200701,410,FIX,2020,10056970150,7145634274,71,8124301650,520720240,6.4,3094,5313,58.2,,546927000,7277220000,7.5,100000000,2020년 신용평가,0,5212965774,0,0,8124301650,0,5420567888,5212965774,103.9,0.5,96.6,-220779458,388520577,-56.9
0106,현대에스라이프(주),CR202107-00002,20210701,410,FIX,2021,123985458050,158587237018,127.9,54448398100,9829208066,18,34343,55676,61.6,,4307694743,105178735000,4,600000000,,2920000000,89050177068,3.2,62507873968,54448398100,114.8,18994894850,89050177068,21.3,0,100,-1781394752,6376451279,-28
0006,금강문화허브(주),CR201707-00021,20170701,410,FIX,2017,100,100,100,100,100,100,100,100,100,60000000,1,100,1,1100000000,2017년 신용평가 승인,,,,,,,,,,,,,,
0049,보람상조프라임(주),CR201707-00033,20170701,410,FIX,2017,100,75,75,100,100,100,100,100,100,0,1,100,1,990000000,신 기준 전산 개발 전 임시적용,,,,,,,,,,,,,,
0015,투어라이프(주),CR201707-00034,20170701,410,FIX,2017,100,60,60,100,15,15,100,100,100,50000000,1,100,1,350000000,신 기준 전산 개발 전 임시적용,,,,,,,,,,,,,,
0040,세종라이프(주),CR201806-00001,20180604,410,FIXN,2018,100,60,60,100,20,20,100,100,100,40000000,1,100,1,,합병에 따른 신용평가율 재산정,,,,,,,,,,,,,,
0031,크리스찬상조(주),CR201806-00030,20180629,410,FIX,2018,66318462500,61390453308,92.5,19571628200,2948349629,15,22077,27629,79.9,,3014260000,45257200000,6.6,100000000,2018신용평가 ,509315068,14643619008,3.4,13585096581,19571628200,69.4,1049347927,14643619008,7.1,0,100,1429638766,1253147255,-114
0033,한라상조(주),CR201806-00040,20180629,410,FIX,2018,162448483700,154829552406,95.3,108838742400,20064192810,18.4,46893,48328,97,,2200000,28000000,7.8,5000000000,2018년도 공제계약 갱신,0,101219811106,0,94390260483,108838742400,86.7,12481710203,101219811106,12.3,2,93.3,280150928,5912469650,-4.7
0050,보람상조개발(주),CR201812-00002,20181204,410,FIXN,2018,996677649250,1005392590132,100.8,343079614250,54344437127,15.8,239174,303153,78.8,,48136202000,622328900000,7.7,5080000000,합병으로인한 신용평가,3856754900,351794555132,1,345355013492,343079614250,100.6,12771946640,351794555132,3.6,0,100,2845598950,-28050090665,10.2
0101,보람상조피플(주),CR201901-00001,20190104,410,FIXN,2019,380029677500,404109026625,106.3,200645712500,109449020777,54.5,86411,123349,70,,14362832000,176969500000,8.1,1090000000,합병으로인한 비정기신용평가,0,224725061625,0,223582911053,200645712500,111.4,1552640572,224725061625,0.6,0,100,1527201935,5249835131,-29
0050,보람상조개발(주),CR201906-00003,20190628,410,FIX,2019,987815088000,988057080426,100,354506035500,55774592482,15.7,236427,306094,77.2,,53467902000,685852500000,7.7,5080000000,2019년도 신용평가,4093809790,354748027926,1.1,350235971448,354506035500,98.7,10748355228,354748027926,3,0,100,619866090,52215471790,1.1
0041,다나상조(주),CR201906-00005,20190628,410,FIX,2018,41178650000,48994289787,118.9,18079330000,6671419248,36.9,11493,12644,90.8,,2813363195,26930482500,10.4,,,0,25894969787,0,19617272383,18079330000,108.5,569613404,25894969787,2.1,0,100,-561247162,1041791907,-53.9
0048,보람상조라이프(주),CR201906-00007,20190628,410,FIX,2019,590562402000,540214319554,91.4,283912372400,56230260632,19.8,189768,248904,76.2,,35149276000,421980300000,8.3,10460000000,2019년도 신용평가,12449254414,233564289954,5.3,264282676046,283912372400,93,5642063308,233564289954,2.4,0,100,-8621635740,15825243469,-54.5
0116,(주)대노복지사업단,CR201906-00008,20190628,410,FIX,2019,322797007250,318111726769,98.5,58017640550,1063352215,1.8,78968,81419,96.9,,21533451344,254122091216,8.4,100000000,,0,53332360069,0,47690620732,58017640550,82.2,5278633171,53332360069,9.8,0,100,-4387972259,4283792021,-102.5
0111,제이에이치라이프(주),CR201906-00012,20190628,410,FIX,2019,11273059850,7397561778,65.6,9011042050,617602470,6.8,3792,6150,61.6,,649130000,10807320000,6,100000000,,694597073,5135543978,13.5,899917744,9011042050,9.9,4236276234,5135543978,82.4,0,100,-190777242,439332575,-43.5
0139,보람상조애니콜(주),CR201906-00013,20190628,410,FIX,2019,37508950000,38651349149,103,2338882500,1349221013,57.6,8180,8954,91.3,,3361463000,40456700000,8.3,100000000,2019년도 신용평가,0,3481281649,0,3189312358,2338882500,136.3,272201791,3481281649,7.8,0,100,-440400344,645898771,-68.2
0013,모던종합상조(주),CR202007-00001,20200701,410,FIX,2020,46526958600,45592156429,97.9,28476275505,1334254818,4.6,13502,21084,64,,1551855528,22527826500,6.8,900000000,2020년 신용평가,578299970,27541473334,2,25159686929,28476275505,88.3,909385405,27541473334,3.3,0,100,-840429898,2032126860,-41.4
0048,보람상조라이프(주),CR202007-00009,20200701,410,FIX,2020,603209847000,545098481691,90.3,293788364900,71516465056,24.3,189234,264306,71.5,,36761800000,441990700000,8.3,10460000000,2020년 신용평가 승인,11989680000,235676999591,5,227486573776,293788364900,77.4,7920900215,235676999591,3.3,0,100,-11383259961,15027000352,-75.8
0101,보람상조피플(주),CR202007-00011,20200701,410,FIX,2020,321161777500,306000006451,95.2,207314782500,36030080046,17.3,73044,108766,67.1,,7651431000,92624800000,8.2,1090000000,2020년 신용평가,0,192153011451,0,188419269223,207314782500,90.8,3639477228,192153011451,1.8,0,100,-3748101642,10297166619,-36.4
0139,보람상조애니콜(주),CR202007-00014,20200701,410,FIX,2020,104267587500,104642639280,100.3,9145575000,1864402239,20.3,21887,28321,77.2,,11369786000,136855700000,8.3,100000000,2020년 신용평가 산정,0,9520626780,0,7932830775,9145575000,86.7,1194041505,9520626780,12.5,0,100,-1868499864,1250438880,-149.5
0041,다나상조(주),CR202007-00016,20200701,410,FIX,2020,41237875500,50342172871,122,18961796500,7076910945,37.3,11299,11645,97,,2576553025,24255417500,10.6,180000000,2020년 신용평가,0,28066093871,0,20426554889,18961796500,107.7,715052982,28066093871,2.5,0,100,-563064773,1090957130,-51.7
0106,현대에스라이프(주),CR201707-00007,20170701,410,FIX,2017,100,80,80,100,100,100,100,100,100,0,1,100,1,0,신 기준 전산 개발 전 임시적용,,,,,,,,,,,,,,
0117,(주)유토피아퓨처,CR201707-00008,20170701,410,FIX,2017,100,70,70,100,20,20,100,100,100,0,1,100,1,0,신 기준 전산 개발 전 임시적용,,,,,,,,,,,,,,
0102,보람상조유니온(주),CR201707-00010,20170701,410,FIX,2017,100,100,100,100,100,100,100,100,100,60000000,1,100,1,0,신 기준 전산 개발 전 임시적용,,,,,,,,,,,,,,
0031,크리스찬상조(주),CR201707-00023,20170701,410,FIX,2017,100,80,80,100,100,100,100,100,100,0,1,100,1,100000000,신 기준 전산 개발 전 임시적용,,,,,,,,,,,,,,
0125,우리상조(주),CR201707-00024,20170701,410,FIX,2017,100,60,60,100,25,25,100,100,100,50000000,1,100,1,0,신 기준 전산 개발 전 임시적용,,,,,,,,,,,,,,
0120,(주)에이플러스라이프,CR201707-00030,20170701,410,FIX,2017,100,75,75,100,100,100,100,100,100,0,1,100,1,0,신 기준 전산 개발 전 임시적용,,,,,,,,,,,,,,
0111,제이에이치라이프(주),CR201806-00031,20180629,410,FIX,2018,14103347100,9805543151,69.5,10696481350,686051036,6.4,4709,6414,73.4,,491114000,8685900000,5.6,0,2018년도 신용평가,970769015,6398677401,15.1,2782515947,10696481350,26,3615401454,6398677401,56.5,0,100,124738373,548285350,-22.7
0013,모던종합상조(주),CR201806-00036,20180629,410,FIX,2018,60175926950,62355329692,103.6,29568463850,2191404677,7.4,17213,24954,68.9,,3886813800,51736532800,7.5,900000000,2018년도 신용평가,681299970,31747866592,2.1,28768188850,29568463850,97.2,1172335852,31747866592,3.6,0,100,347252344,2106947325,-16.4
0116,(주)대노복지사업단,CR201806-00045,20180629,410,FIX,2018,244007087202,241599285990,99,49169111050,1322001195,2.7,61884,63492,97.4,,17886222731,200994654776,8.8,0,2018년도 신용평가,16559054,46761309838,0,42654805020,49169111050,86.7,3897641885,46761309838,8.3,0,100,1515102895,5364036623,-28.2
0006,금강문화허브(주),CR201906-00001,20190628,410,FIX,2019,195294856500,178188129515,91.2,64996160500,25951777015,39.9,56349,67964,82.9,,2197189485,52366159000,4.1,1100000000,2019년도 신용평가,600000000,47889433515,1.2,47749096527,64996160500,73.4,133922988,47889433515,0.2,0,100,3541128166,1637545963,-216.2
0042,(주)제이케이,CR201907-00010,20190701,410,FIX,2019,163471505540,168670091844,103.1,71350758746,8701103163,12.1,45501,50604,89.9,,5009129000,68134818000,7.3,460000000,2019년도 신용평가,12035014175,76549345050,15.7,70894919826,71350758746,99.3,519043974,76549345050,0.6,2,93.3,-1823532942,6577104609,-27.8
0101,보람상조피플(주),CR201907-00011,20190701,410,FIX,2019,369834180000,373205745848,100.9,201685440000,84515953319,41.9,84374,120768,69.8,,14362832000,176969500000,8.1,1090000000,,0,205057005848,0,203840272474,201685440000,101,1597355874,205057005848,0.7,0,100,-2505810800,7066295401,-35.5
0047,한강라이프(주),CR202007-00003,20200701,410,FIX,2020,251359038400,198788889005,79,138397946300,9212957164,6.6,61145,82563,74,,6545214000,77461700000,8.4,1520000000,2020년 신용평가,957000000,85827796905,1.1,66505981580,138397946300,48,1253851386,85827796905,1.4,0,100,-3961985279,5980876910,-66.3
0050,보람상조개발(주),CR202007-00006,20200701,410,FIX,2020,967322415750,965762466335,99.8,376949723500,70477898395,18.6,227793,315689,72.1,,53416773000,669503560000,7.9,5080000000,신용평가 승인,5064735900,375389774085,1.3,363288483372,376949723500,96.3,11499131913,375389774085,3,0,100,-4249950942,57188799648,-7.5
0106,현대에스라이프(주),CR202007-00013,20200701,410,FIX,2020,103609062400,137484240158,132.6,43445966550,5762213596,13.2,26294,44550,59,,4391098713,86655555000,5,600000000,2020년 신용평가 산정,9001777858,77321144308,11.6,52651891963,43445966550,121.1,17400803845,77321144308,22.5,0,100,-382244421,8258754051,-4.7
0051,보람상조실로암(주),CR202007-00021,20200701,410,FIX,2020,102066646160,82062190163,80.4,44429449660,1842152049,4.1,28999,58766,49.3,,1394599780,21979195000,6.3,300000000,2020년 신용평가,3846575,24424993663,0,24250453125,44429449660,54.5,113929533,24424993663,0.4,0,100,-205617059,2133223670,-9.7
0140,보람상조리더스(주),AD202102-00001,20210203,410,FIX,2021,696947035067,642731955315,92.2,319010789147,107200289890,33.6,201929,264559,76.3,,66130535660,490084295610,13.5,,,,,,,,,,,,,,,,
0050,보람상조개발(주),CR202107-00003,20210701,410,FIX,2021,1031484868250,1008898286850,97.8,408141807349,47335586219,11.5,239194,338726,70.6,,39525333000,600846780000,6.5,5080000000,,9239387627,385555225949,2.3,371609864752,408141807349,91,12878623907,385555225949,3.3,0,100,-5764001451,60457934769,-9.6
0048,보람상조라이프(주),CR202107-00004,20210701,410,FIX,2021,493083977000,431344781397,87.4,296268371400,41718034188,14,164197,248605,66,,25637585000,308429600000,8.3,10460000000,,11655075110,234529175797,4.9,225479063818,296268371400,76.1,8704382879,234529175797,3.7,0,100,-8916658530,14425271805,-61.9
0111,제이에이치라이프(주),CR202107-00009,20210701,410,FIX,2021,9044450150,6596587479,72.9,7265912150,474740032,6.5,2735,4919,55.6,,338994000,4827420000,7,100000000,,0,4818049479,0,-1178652732,7265912150,-16.3,5996228711,4818049479,124.4,0.5,96.6,-246004960,164773000,-149.3
0047,한강라이프(주),CR201707-00004,20170701,410,FIX,2017,100,70,70,100,20,20,100,100,100,0,1,100,1,1200000000, 신 기준 전산 개발 전 임시적용,,,,,,,,,,,,,,
0051,보람상조실로암(주),CR201707-00013,20170701,410,FIX,2017,100,50,50,100,20,20,100,100,100,0,1,100,1,300000000,신 기준 전산 개발 전 임시적용,,,,,,,,,,,,,,
0033,한라상조(주),CR201707-00025,20170701,410,FIX,2017,100,80,80,100,100,100,100,100,100,0,1,100,1,5000000000,신 기준 전산 개발 전 임시적용,,,,,,,,,,,,,,
0116,(주)대노복지사업단,CR201707-00027,20170701,410,FIX,2017,100,75,75,100,100,100,100,100,100,0,1,100,1,0,신 기준 전산 개발 전 임시적용,,,,,,,,,,,,,,
0042,(주)제이케이,CR201806-00003,20180628,410,FIX,2017,172054040840,172015662662,99.9,66894705036,15215393745,22.7,47121,51960,90.6,,7290152000,102203938000,7.1,,,9222171232,66856326858,13.7,61951032774,66894705036,92.6,686544534,66856326858,1,2,93.3,2494182666,6354814554,-39.2
0042,(주)제이케이,CR201806-00007,20180629,410,FIX,2018,172054040840,172015662662,99.9,66894705036,15215393745,22.7,47121,51960,90.6,,7290152000,102203938000,7.1,460000000,,9222171232,66856326858,13.7,61951032774,66894705036,92.6,686544534,66856326858,1,2,93.3,2494182666,6354814554,-39.2
0033,한라상조(주),CR201806-00034,20180629,410,FIX,2018,162448483700,154829552406,95.3,108838742400,20064192810,18.4,46893,48328,97,,2200000,28000000,7.8,5000000000,,0,101219811106,0,94390260483,108838742400,86.7,12481710203,101219811106,12.3,2,93.3,280150928,5912469650,-4.7
0041,다나상조(주),CR201906-00006,20190628,410,FIX,2019,41178650000,48994289787,118.9,18079330000,6671419248,36.9,11493,12644,90.8,,2813363195,26930482500,10.4,180000000,,0,25894969787,0,19617272383,18079330000,108.5,569613404,25894969787,2.1,0,100,-561247162,1041791907,-53.9
0018,아가페라이프(주),CR201906-00010,20190628,410,FIX,2019,21731495000,16119781309,74.1,14283275000,4207862062,29.4,9299,11497,80.8,,218830000,3154800000,6.9,660000000,,0,8671561309,0,5830759886,14283275000,40.8,377241273,8671561309,4.3,0,100,-660744247,678568961,-97.4
0135,(주)위드라이프그룹,CR201906-00011,20190628,410,FIX,2019,86699183400,84774743593,97.7,23573634200,1524425203,6.4,21387,32568,65.6,,9244608000,81502920000,11.3,100000000,,0,21649194393,0,14512039141,23573634200,61.5,1220365252,21649194393,5.6,0,100,-2392912973,3649484068,-65.6
0117,(주)유토피아퓨처,CR202007-00015,20200701,410,FIX,2020,56172347150,48948897477,87.1,18751500350,1054433916,5.6,14698,16814,87.4,,4926309250,42376020000,11.6,100000000,2020년 신용평가,0,11528050677,0,11259459527,18751500350,60,268591150,11528050677,2.3,0,100,-1222545597,1464465516,-83.5
0014,케이비라이프(주),CR202007-00017,20200701,410,FIX,2020,3445561000,2009257974,58.3,2785003000,56120302,2,915,1419,64.4,,29377000,354720000,8.2,100000000,2020년 신용평가,0,1348699974,0,761784921,2785003000,27.3,133408053,1348699974,9.8,0,100,-333508195,264963345,-125.9
0046,더리본(주),CR202007-00020,20200701,410,FIX,2020,710067576400,672220307439,94.6,185182132950,25975152500,14,177571,202200,87.8,,37520060000,473588988000,7.9,2080000000,2020년 신용평가,104193824,147334863989,0,127035362165,185182132950,68.6,25690385324,147334863989,17.4,0,100,-6530561348,90576151145,-7.3
0041,다나상조(주),CR202107-00001,20210701,410,FIX,2021,40430752000,50244715255,124.2,19095933500,7638250945,39.9,10887,12593,86.4,,2371517140,22653740000,10.4,180000000,,200000000,28909896755,0.6,20196259785,19095933500,105.7,508974104,28909896755,1.7,1,96.6,-603168284,928878953,-65
0139,보람상조애니콜(주),CR202107-00005,20210701,410,FIX,2021,252177602500,247440026816,98.1,25128657500,1431189005,5.6,52282,72583,72,,29939193000,360401150000,8.3,100000000,,0,20391081816,0,16987945630,25128657500,67.6,2324979186,20391081816,11.4,0,100,-6230458891,2558943902,-243.5
0101,보람상조피플(주),CR202107-00006,20210701,410,FIX,2021,283739870000,273933525575,96.5,206837702500,54162685116,26.1,63962,99271,64.4,,14211000,257200000,5.5,1090000000,,0,197031358075,0,183158196049,206837702500,88.5,3294191297,197031358075,1.6,0,100,-4102456264,8971472364,-45.8
0018,아가페라이프(주),CR202107-00007,20210701,410,FIX,2021,25500032000,19935163454,78.1,15203231000,2439712275,16,10225,11239,90.9,,706713000,10171892000,6.9,660000000,,0,9638362454,0,6103842832,15203231000,40.1,192970472,9638362454,2,0.5,96.6,-605202869,870224321,-69.6
0111,제이에이치라이프(주),CR202107-00010,20210701,410,FIX,2021,9044450150,6596587479,72.9,7265912150,474740032,6.5,2735,4919,55.6,,338994000,4827420000,7,100000000,,0,4818049479,0,1,7265912150,0,5996228711,4818049479,124.4,0.5,96.6,-246004960,164773000,-149.3
0014,케이비라이프(주),CR202107-00011,20210701,410,FIX,2012,3176355600,1548501942,48.7,2515797600,851052,0,759,1324,57.3,,25688000,308112700,8.3,100000000,,125666759,887943942,14.1,330003001,2515797600,13.1,106221941,887943942,11.9,0.5,96.6,-128361892,122942827,-104.5
0047,한강라이프(주),CR202107-00012,20210701,410,FIX,2021,229762857400,166552789210,72.4,135455910800,2634466287,1.9,54867,78393,69.9,,8334691140,82606470000,10,1520000000,,1412052438,72245842610,1.9,53101596614,135455910800,39.2,1641285996,72245842610,2.2,0,100,-4771094595,4187796005,-114
0128,(주)천궁실버라이프,CR201707-00029,20170701,410,FIX,2017,100,50,50,100,5,5,100,100,100,0,1,100,1,0,신 기준 전산 개발 전 임시적용,,,,,,,,,,,,,,
0135,(주)위드라이프그룹,CR201707-00031,20170701,410,FIX,2017,100,60,60,100,25,25,100,100,100,50000000,1,100,1,0,2017신용평가 보증한도승인,,,,,,,,,,,,,,
0022,파인라이프(주),CR201707-00001,20170701,410,FIX,2017,100,50,50,100,5,5,50,100,50,50000000,1,100,1,100000000,신 기준 전산 개발 전 임시적용,,,,,,,,,,,,,,
0048,보람상조라이프(주),CR201806-00019,20180629,410,FIX,2018,540706367000,497606496388,92,242447117400,47634123497,19.6,177235,220817,80.2,,32508253000,390102300000,8.3,10100000000,2018년 신용평가,9566711847,199347246788,4.7,228323406886,242447117400,94.1,5287299302,199347246788,2.6,0.5,96.6,7064900393,14681926539,-48.1
0018,아가페라이프(주),CR201806-00020,20180629,410,FIX,2018,23644415000,17714631162,74.9,14389460000,4073401583,28.3,10108,12832,78.7,,348780000,4989600000,6.9,500000000,2018 신용평가,2465753,8459676162,0,6343616744,14389460000,44,336739268,8459676162,3.9,0,100,1047169278,716563939,-146.1
0049,보람상조프라임(주),CR201806-00021,20180629,410,FIX,2018,492215529250,446733538034,90.7,152225081750,11126574724,7.3,116472,129041,90.2,,22415743000,315365300000,7.1,990000000,2018년 신용평가,3849721900,106743090534,3.6,110457688371,152225081750,72.5,2431435913,106743090534,2.2,0.5,96.6,8599421987,17179519237,-50
0040,세종라이프(주),CR201806-00022,20180629,410,FIX,2018,15348014912,14106867798,91.9,3099048500,48229382,1.6,4412,4752,92.8,,1904539400,15763800000,12,200000000,2018년도 신용평가,0,1857901386,0,279184937,3099048500,9,1474125511,1857901386,79.3,0,100,933203657,343643286,-271.5
0043,보람상조리더스(합병),CR201806-00025,20180629,410,FIX,2018,313780215000,308271022369,98.2,113796787500,53706700727,47.1,71171,97066,73.3,,20879174000,258701100000,8,,2018 신용평가,10000000,108287594869,0,107284930879,113796787500,94.2,1432434000,108287594869,1.3,0,100,3707409509,6788077420,-54.6
0120,(주)에이플러스라이프,CR201806-00032,20180629,410,FIX,2018,202232498034,212447969987,105,41501244710,28445851833,68.5,46232,65587,70.4,,15736193439,246678965430,6.3,,2018년도 공제계약갱신,7605074092,51716716663,14.7,50758394035,41501244710,122.3,958322628,51716716663,1.8,0,100,157508609,9913466444,-1.5
0135,(주)위드라이프그룹,CR201806-00038,20180629,410,FIX,2018,78540767000,77464356669,98.6,20008250700,462441407,2.3,19715,28189,69.9,,7655583740,67078440000,11.4,0,2018년 신용평가,0,18931840369,0,12898158187,20008250700,64.4,1134212182,18931840369,5.9,0,100,1433953997,2390372735,-59.9
0050,보람상조개발(주),CR201906-00002,20190628,410,FIX,2019,987815088000,988057080426,100,354506035500,55774592482,15.7,236427,306094,77.2,,53467902000,685852500000,7.7,5080000000,2019 신용평가,4093809790,354748027926,1.1,350235971448,354506035500,98.7,10748355228,354748027926,3,0,100,619866090,52215471790,1.1
0013,모던종합상조(주),CR201906-00009,20190628,410,FIX,2019,57850974845,60182752795,104,29826775395,2107501805,7,16421,23577,69.6,,2677054570,35686271300,7.5,900000000,2019 신용평가,581299970,32158553345,1.8,28794404130,29826775395,96.5,1204527660,32158553345,3.7,0,100,-653865728,2345098192,-27.9
0047,한강라이프(주),CR201907-00002,20190701,410,FIX,2019,274282423400,232769444035,84.8,138665562400,16754411544,12,67452,85840,78.5,,6718186000,88526957500,7.5,1520000000,2019년도 신용평가,1314794521,97152583035,1.3,76751867056,138665562400,55.3,931475198,97152583035,0.9,0,100,-4621696575,6670451199,-69.3
0004,고려상조(주),CR201907-00008,20190701,410,FIX,2019,7230258000,7251962680,100.3,6906259000,414903136,6,2765,2879,96,,240000,105600000,0.2,700000000,2019년도 신용평가,2190001000,6927963680,31.6,6247702209,6906259000,90.4,680261471,6927963680,9.8,0,100,-752349427,317364000,-237.1
0042,(주)제이케이,CR201907-00009,20190701,410,FIX,2019,163471505540,168670091844,103.1,71350758746,8701103163,12.1,45501,50604,89.9,,5009129000,68134818000,7.3,,2019년도 신용평가,12035014175,76549345050,15.7,70894919826,71350758746,99.3,519043974,76549345050,0.6,0,100,-1823532942,6577104609,-27.8
0040,세종라이프(주),CR202007-00007,20200701,410,FIX,2020,39207958212,38166945969,97.3,8200000000,5097518,0.1,9831,11541,85.1,,6008636300,49318510000,12.1,200000000,2020년 신용평가,33984488,7158987757,0.4,4672290876,8200000000,56.9,2125440240,7158987757,29.6,0.5,96.6,-1983867609,470487186,-421.7
0033,한라상조(주),CR202007-00008,20200701,410,FIX,2020,157857914885,152449676168,96.5,94264419565,7675115296,8.1,44425,48990,90.6,,4997780000,48733110000,10.2,5000000000,2020년 신용평가,17105500000,88856180848,19.2,79598015299,94264419565,84.4,14417218523,88856180848,16.2,0,100,-3325711307,4976180011,-66.9
0051,보람상조실로암(주),CR202107-00013,20210701,410,FIX,2021,92469713710,67641447407,73.1,43471178960,1844523130,4.2,25971,55696,46.6,,46260430,4866750600,0.9,300000000,,0,18642912657,0,18292041052,43471178960,42,254723308,18642912657,1.3,0,100,-1317426563,1375895004,-95.8
0042,(주)제이케이,CR202007-00024,20200701,410,FIX,2020,153685170880,167124803284,108.7,70719335668,6242820668,8.8,43914,50019,87.7,,4102939500,57140193000,7.1,460000000,2020년 신용평가,19692841041,84158968072,23.3,75372870352,70719335668,106.5,3669913620,84158968072,4.3,0,100,-2835972239,6657330838,-42.6
0003,(주)씨에스라이프,CR201707-00003,20170701,410,FIX,2017,100,50,50,100,5,5,70,100,70,0,1,100,1,100000000, 신 기준 전산 개발 전 임시적용,,,,,,,,,,,,,,
0101,보람상조피플(주),CR201707-00009,20170701,410,FIX,2017,100,100,100,100,100,100,100,100,100,60000000,1,100,1,0,신 기준 전산 개발 전 임시적용,,,,,,,,,,,,,,
0105,보람상조나이스(주),CR201707-00012,20170701,410,FIX,2017,100,70,70,100,100,100,100,100,100,0,1,100,1,0,신 기준 전산 개발 전 임시적용,,,,,,,,,,,,,,
0006,금강문화허브(주),CR201707-00016,20170701,410,FIX,2017,100,100,100,100,100,100,100,100,100,0,1,100,1,1100000000,신 기준 전산 개발 전 임시적용,,,,,,,,,,,,,,
0110,농촌사랑(주),CR201707-00017,20170701,410,FIX,2017,100,60,60,100,15,15,100,100,100,50000000,1,100,1,0,신 기준 전산 개발 전 임시적용,,,,,,,,,,,,,,
0018,아가페라이프(주),CR201707-00018,20170701,410,FIX,2017,100,65,65,100,100,100,100,100,100,0,1,100,1,500000000,신 기준 전산 개발 전 임시적용,,,,,,,,,,,,,,
0006,금강문화허브(주),CR201707-00019,20170701,410,FIX,2017,100,100,100,100,100,100,100,100,100,40000000,1,100,1,1100000000,신 기준 전산 개발 전 임시적용,,,,,,,,,,,,,,
0103,보람상조플러스(합병),CR201707-00032,20170701,410,FIX,2017,100,60,60,100,25,25,100,100,100,50000000,1,100,1,0,신 기준 전산 개발 전 임시적용,,,,,,,,,,,,,,
0048,보람상조라이프(주),CR201707-00036,20170701,410,FIX,2017,100,85,85,100,100,100,100,100,100,0,1,100,1,10100000000,신 기준 전산 개발 전 임시적용,,,,,,,,,,,,,,
0050,보람상조개발(주),CR201707-00037,20170701,410,FIX,2017,100,85,85,100,100,100,100,100,100,0,1,100,1,3100000000,신 기준 전산 개발 전 임시적용,,,,,,,,,,,,,,
0040,세종라이프(주),CR201806-00002,20180628,410,FIX,2018,15348014912,14106867798,91.9,3099048500,48229382,1.6,4412,4752,92.8,,1904539400,15763800000,12,200000000,2018년도 신용평가,0,1857901386,0,279184937,3099048500,9,1474125511,1857901386,79.3,0,100,933203657,343643286,-271.5
0051,보람상조실로암(주),CR201806-00006,20180629,410,FIX,2018,126610084950,109089534082,86.1,42673201610,426373766,1,37111,66547,55.7,,3916331350,69857390400,5.6,300000000,,2165296644,25152650742,8.6,24575113909,42673201610,57.5,561659283,25152650742,2.2,2,93.3,668201768,1921864731,-34.7
0111,제이에이치라이프(주),CR201806-00023,20180629,410,FIX,2018,14103347100,9805543151,69.5,10696681350,686051036,6.4,4709,6414,73.4,,491114000,8685900000,5.6,0,2018년도 신용평가,970769015,6398677401,15.1,2782515947,10696481350,26,3615401454,6398677401,56.5,0,100,124738373,548285350,-22.7
0103,보람상조플러스(합병),CR201806-00024,20180629,410,FIX,2018,4711590000,3831080243,81.3,1940425000,173136006,8.9,1137,1333,85.2,,227791000,2633600000,8.6,0,2018년 신용평가,10000000,1059915243,0.9,-3630891495,1940425000,-187.2,4688866738,1059915243,442.3,0,100,89556693,146375000,-61.1
0103,보람상조플러스(합병),CR201806-00033,20180629,410,FIX,2018,4711590000,3831080243,81.3,1940425000,173136006,8.9,1137,1333,85.2,,227791000,2633600000,8.6,0,2018년 신용평가,10000000,1059915243,0.9,3630891495,1940425000,187.1,4688866738,1059915243,442.3,0,100,89556693,146375000,-61.1
0014,케이비라이프(주),CR201907-00003,20190701,410,FIX,2019,3813516000,2444225110,64,2975423000,255257481,8.5,1005,1614,62.2,,46998000,587160000,8,100000000,,0,1606132110,0,1217279189,2975423000,40.9,24133921,1606132110,1.5,0,100,-200062935,152182819,-131.5
0051,보람상조실로암(주),CR201907-00004,20190701,410,FIX,2019,113343384800,93942031588,82.8,43925826160,1404894124,3.1,33646,63984,52.5,,2830903350,46819879700,6,300000000,2019년도 신용평가,443215486,24524472948,1.8,23990653355,43925826160,54.6,514599507,24524472948,2,0,100,-285872479,2336506486,-12.3
0040,세종라이프(주),CR201907-00016,20190701,410,FIX,2019,22135936000,21304235475,96.2,4599355088,83597114,1.8,5848,6356,92,,2920365300,24279660000,12,200000000,2019년도 신용평가,27918740,3767654563,0.7,2769979207,4599355088,60.2,800550356,3767654563,21.2,0,100,-1197221961,530477474,-225.7
0116,(주)대노복지사업단,CR202007-00005,20200701,410,FIX,2020,262468990792,255018071607,97.1,66153686280,1924368762,2.9,63747,89381,71.3,,22974043880,279904802200,8.2,100000000,2020년 신용평가,0,58702767095,0,53211381971,66153686280,80.4,5153943849,58702767095,8.7,0,100,-4085325981,2470501866,-165.4
0140,보람상조리더스(주),CR202107-00008,20210701,410,FIX,2021,570021880544,518546960957,90.9,327157259444,111181186846,33.9,165512,238791,69.3,,41652487950,312536741610,13.3,100000000,,395890233,275682339857,0.1,268091528042,327157259444,81.9,7590811815,275682339857,2.7,0,100,-5950882281,13206949572,-45.1
0040,세종라이프(주),CR202107-00014,20210701,410,FIX,2021,25503597670,22725954283,89.1,8952011958,222900823,2.5,6647,10362,64.1,,4789948100,38302390000,12.5,200000000,2021년 신용평가 결과,11991295,6174368571,0.1,4104362733,8952011958,45.8,1810532838,6174368571,29.3,0.5,96.6,-1842466279,356816394,-516.4
0004,고려상조(주),CR201707-00014,20170701,410,FIX,2017,100,70,70,100,25,25,100,100,100,0,1,100,1,700000000,신 기준 전산 개발 전 임시적용,,,,,,,,,,,,,,
0014,케이비라이프(주),CR201707-00015,20170701,410,FIX,2017,100,50,50,100,20,20,100,100,100,0,1,100,1,100000000,신 기준 전산 개발 전 임시적용,,,,,,,,,,,,,,
0035,(주)보훈라이프,CR201707-00020,20170701,410,FIX,2017,100,60,60,100,25,25,100,100,100,50000000,1,100,1,300000000,신 기준 전산 개발 전 임시적용,,,,,,,,,,,,,,
0042,(주)제이케이,CR201707-00028,20170701,410,FIX,2017,100,70,70,100,100,100,100,100,100,0,1,100,1,460000000,신 기준 전산 개발 전 임시적용,,,,,,,,,,,,,,
0033,한라상조(주),CR201806-00009,20180629,410,FIX,2018,162448483700,154829552406,95.3,108838742400,20064192810,18.4,46893,48328,97,,2200000,28000000,7.8,5000000000,,0,101219811106,0,94390260483,108838742400,86.7,12481710203,101219811106,12.3,2,93.3,280150928,5912469650,-4.7
0047,한강라이프(주),CR201806-00010,20180629,410,FIX,2018,309854253400,279270994616,90.1,139142116400,18578866889,13.3,76424,94142,81.1,,12134740000,123282237500,9.8,1200000000,,249285356,108558857616,0.2,84224876515,139142116400,60.5,4084660451,108558857616,3.7,2,93.3,4412008559,8121283562,-54.3
0106,현대에스라이프(주),CR201806-00011,20180629,410,FIX,2018,76151974400,97932976947,128.6,41195605400,17307088671,42,19505,33986,57.3,,4057851073,52185210000,7.7,0,2018  공제계약 갱신,17808219,62976607947,0,48376758407,41195605400,117.4,14402203950,62976607947,22.8,2,93.3,24209879,4154546499,-0.5
0041,다나상조(주),CR201806-00014,20180629,410,FIX,2018,41419380000,47384438907,114.4,16323082500,6199141168,37.9,11598,12774,90.7,,2858642706,27484155000,10.4,100000000,2018년도 공제계약갱신용,0,22288141407,0,17456397019,16323082500,106.9,625563388,22288141407,2.8,0,100,403827485,1119085909,-36
0006,금강문화허브(주),CR201806-00028,20180629,410,FIX,2018,215827644100,200363339999,92.8,62030011100,20098768312,32.4,62406,73540,84.8,,6914381716,150211139000,4.6,1100000000,2018년도 공제계약 갱신,271232877,46565706999,0.5,46326996749,62030011100,74.6,230320000,46565706999,0.4,2,93.3,1826836127,1884600183,-96.9
0106,현대에스라이프(주),CR201806-00044,20180629,410,FIX,2018,76151974400,97932976947,128.6,41195605400,17307088671,42,19505,33986,57.3,,4057851073,52185210000,7.7,0,2018년도 공제계약 갱신,17808219,62976607947,0,48376758407,41195605400,117.4,14402203950,62976607947,22.8,2,93.3,24209879,4154546499,-0.5
0110,농촌사랑(주),CR201806-00046,20180629,410,FIX,2018,9524837200,7345039528,77.1,3438404500,30193959,0.9,2517,3158,79.7,,179172990,2525090000,7,0,,0,1258606828,0,1814345631,3438404500,52.7,190395059,1258606828,15.1,0,100,125548906,35235000,-356.3
0006,금강문화허브(주),CR201906-00004,20190628,410,FIX,2019,195294856500,178188129515,91.2,64996160500,25951777015,39.9,56349,67964,82.9,,2197189485,52366159000,4.1,1100000000,2019년도 신용평가,600000000,47889433515,1.2,47749096527,64996160500,73.4,133922988,47889433515,0.2,0,100,-3541128166,1637545963,-216.3
0110,농촌사랑(주),CR201907-00001,20190701,410,FIX,2019,10503382100,9888483016,94.1,4110180100,79532214,1.9,2790,3293,84.7,,192997000,2897690000,6.6,100000000,2019년도 신용평가,283623000,3495281016,8.1,3259968814,4110180100,79.3,249091578,3495281016,7.1,0,100,-489731187,120895000,-405.1
0106,현대에스라이프(주),CR201907-00005,20190701,410,FIX,2019,96608461400,119280490361,123.4,42294825300,19688756805,46.5,24861,40318,61.6,,4686842782,73069750000,6.4,600000000,,81114775,64966854261,0.1,50374892852,42294825300,119.1,8758982709,64966854261,13.4,0,100,245629292,4788335118,5.1
0031,크리스찬상조(주),CR201907-00006,20190701,410,FIX,2019,63371228500,57550039038,90.8,23351569200,5791887869,24.8,21376,26738,79.9,,2035120000,30413700000,6.6,870000000,2019년도 신용평가,0,17530379738,0,16835494469,23351569200,72,673831269,17530379738,3.8,0,100,-929182224,1311212229,-70.9
0046,더리본(주),CR201907-00007,20190701,410,FIX,2019,663326638300,632035434466,95.2,171100887800,18628496202,10.8,167719,183734,91.2,,42242170000,556602006800,7.5,2080000000,,70623951,139809683966,0,117033523482,171100887800,68.4,27853057984,139809683966,19.9,0,100,-7807409536,97932518308,-8
0101,보람상조피플(주),CR201907-00013,20190701,410,FIX,2019,369834180000,373205745848,100.9,201685440000,84515953319,41.9,84374,120768,69.8,,14362832000,176969500000,8.1,1090000000,,0,205057005848,0,203840272474,201685440000,101,1597355874,205057005848,0.7,0.5,96.6,-2505810800,7066295401,-35.5
0033,한라상조(주),CR201907-00014,20190701,410,FIX,2019,141862411800,149098517786,105.1,101252483700,6032366284,5.9,40891,42405,96.4,,13612000,155190000,8.7,5000000000,,10105500000,108488589686,9.3,85312830208,101252483700,84.2,28612543420,108488589686,26.3,2,93.3,-1210819398,5025028548,-24.1
0117,(주)유토피아퓨처,CR201907-00015,20190701,410,FIX,2019,55793654650,49623062660,88.9,17146323100,715044346,4.1,14901,16182,92,,5522101550,46115540000,11.9,100000000,,0,10975731110,0,10550436965,17146323100,61.5,425294145,10975731110,3.8,0,100,-971798477,2248256018,-43.3
0041,다나상조(주),CR201707-00005,20170701,410,FIX,2017,100,100,100,100,100,100,100,100,100,40000000,1,100,1,100000000,신 기준 전산 개발 전 임시적용,,,,,,,,,,,,,,
0046,더리본(주),CR201707-00006,20170701,410,FIX,2017,100,70,70,100,25,25,100,100,100,0,1,100,1,700000000,신 기준 전산 개발 전 임시적용,,,,,,,,,,,,,,
0104,보람상조임팩트(주),CR201707-00011,20170701,410,FIX,2017,100,100,100,100,100,100,100,100,100,60000000,1,100,1,0,신 기준 전산 개발 전 임시적용,,,,,,,,,,,,,,
0013,모던종합상조(주),CR201707-00022,20170701,410,FIX,2017,100,75,75,100,100,100,100,100,100,0,1,100,1,900000000,신 기준 전산 개발 전 임시적용,,,,,,,,,,,,,,
0111,제이에이치라이프(주),CR201707-00026,20170701,410,FIX,2017,100,50,50,100,5,5,100,100,100,0,1,100,1,0,신 기준 전산 개발 전 임시적용,,,,,,,,,,,,,,
0043,보람상조리더스(합병),CR201707-00035,20170701,410,FIX,2017,100,100,100,100,100,100,100,100,100,60000000,1,100,1,270000000,신 기준 전산 개발 전 임시적용,,,,,,,,,,,,,,
0025,(주)에이스라이프,CR201707-00038,20170703,410,FIX,2017,100,70,70,100,25,25,100,100,100,0,1,100,1,300000000,신 기준 전산 개발 전 임시적용,,,,,,,,,,,,,,
0051,보람상조실로암(주),CR201802-00001,20180201,410,FIXN,2018,100,60,60,100,15,15,100,100,100,50000000,1,100,1,300000000,임마누엘 합병 신용평가,,,,,,,,,,,,,,
0014,케이비라이프(주),CR201806-00005,20180629,410,FIX,2018,4412617000,2504404036,56.7,3145040000,391165798,12.4,1174,1786,65.7,,76912000,961380000,8,100000000,2018년 신용평가,4904110,1236827036,0.3,859751980,3145040000,27.3,19258056,1236827036,1.5,0,100,188073730,115734092,-162.5
0046,더리본(주),CR201806-00008,20180629,410,FIX,2018,631587957300,599118736236,94.8,152339139900,20232722850,13.2,160440,175841,91.2,,47301381000,628755525400,7.5,700000000,2018년 신용평가,3642024,119869918836,0,97759808594,152339139900,64.1,27453882804,119869918836,22.9,0,100,11066512641,93713306104,-11.8
0105,보람상조나이스(주),CR201806-00012,20180629,410,FIX,2018,9977695000,7806467149,78.2,6596685000,1504746620,22.8,2524,3001,84.1,,327000,3900000,8.3,0,2018 신용평가 ,0,4425457149,0,4379167668,6596685000,66.3,44609481,4425457149,1,0,100,37655960,298253727,-12.6
0050,보람상조개발(주),CR201806-00015,20180629,410,FIX,2018,442274585000,443689718576,100.3,172673287500,29748620873,17.2,111523,153479,72.6,,24094186000,289083600000,8.3,3100000000,2018년 신용평가,947368301,174088421076,0.5,167798935020,172673287500,97.1,6608391056,174088421076,3.7,0.5,96.6,3635253777,41127486468,-8.8
0101,보람상조피플(주),CR201806-00016,20180629,410,FIX,2018,92795375000,87593562531,94.3,50360497500,22928053199,45.5,21097,26988,78.1,,492075000,8068800000,6,0,2018 신용평가,0,45158685031,0,44640077860,50360497500,88.6,507889671,45158685031,1.1,0,100,1045425479,2843863945,-36.7
0004,고려상조(주),CR201806-00017,20180629,410,FIX,2018,8465649000,8320195328,98.2,7939591000,33723460,0.4,3235,3368,96,,8400000,129600000,6.4,700000000,2018 신용평가,3058817514,7794137328,39.2,7133383636,7939591000,89.8,660753692,7794137328,8.4,0,100,444638955,316272000,-140.5
0035,(주)보훈라이프,CR201806-00039,20180629,410,FIX,2018,6168454000,4673533817,75.7,4175559000,26063107,0.6,3619,3967,91.2,,154022400,2491200000,6.1,300000000,2018신용평가,0,2680638817,0,3527109786,4175559000,84.4,1341843448,2680638817,50,0,100,179579136,81996659,-219
0139,보람상조애니콜(주),CR201806-00041,20180629,410,FIX,2018,164460000,333538692,202.8,154950000,247062124,159.4,17,100,17,,0,0,0,0,2018년도 신용평가,178764672,324028692,55.1,318982542,154950000,205.8,5046150,324028692,1.5,0,100,86230551,10200000,-845.3
0117,(주)유토피아퓨처,CR201806-00042,20180629,410,FIX,2018,55226435400,49535610362,89.6,15264222850,599628469,3.9,15077,15218,99,,6382079340,53316680000,11.9,0,2018년도 공제계약 갱신,91506849,9573397812,0.9,9121320616,15264222850,59.7,448727196,9573397812,4.6,0,100,980385472,2562353090,-38.2
0048,보람상조라이프(주),CR201812-00001,20181204,410,FIXN,2018,587072867000,543082251303,92.5,280299682400,54975721953,19.6,190301,244390,77.8,,30085694000,361164500000,8.3,10460000000,합병신용평가,12466711847,236309066703,5.2,267356519277,280299682400,95.3,5309516826,236309066703,2.2,0,100,4733054059,8902292941,-53.1
0051,보람상조실로암(주),CR201907-00012,20190701,410,FIX,2019,113343384800,93942031588,82.8,43925826160,1404894124,3.1,33646,63984,52.5,,2830903350,46819879700,6,300000000,2019년도 신용평가,443215486,24524472948,1.8,23990653355,43925826160,54.6,514599507,24524472948,2,2,93.3,-285872479,2336506486,-12.3
0106,현대에스라이프(주),CR202107-00020,20210701,410,FIX,2021,123985458050,158587237018,127.9,54448398100,9829208066,18,34343,55676,61.6,,4307694743,105178735000,4,600000000,,2920000000,89050177068,3.2,62507873968,54448398100,114.8,18994894850,89050177068,21.3,0,100,-1781394752,6376451279,-28
0050,보람상조개발(주),CR202107-00021,20210701,410,FIX,2021,1031484868250,1008898286850,97.8,408141807349,47335586219,11.5,239194,338726,70.6,,39525333000,600846780000,6.5,5080000000,,9239387627,385555225949,2.3,371609864752,408141807349,91,12878623907,385555225949,3.3,0,100,-5764001451,60457934769,-9.6
0048,보람상조라이프(주),CR202107-00022,20210701,410,FIX,2021,493083977000,431344781397,87.4,296268371400,41718034188,14,164197,248605,66,,25637585000,308429600000,8.3,10460000000,,11655075110,234529175797,4.9,225479063818,296268371400,76.1,8704382879,234529175797,3.7,0,100,-8916658530,14425271805,-61.9
0111,제이에이치라이프(주),CR202107-00025,20210701,410,FIX,2021,9044450150,6596587479,72.9,7265912150,474740032,6.5,2735,4919,55.6,,338994000,4827420000,7,100000000,,0,4818049479,0,1,7265912150,0,5996228711,4818049479,124.4,0.5,96.6,-246004960,164773000,-149.3
0051,보람상조실로암(주),CR202206-00009,20220630,410,FIX,2022,85485526450,60210112460,70.4,43632783260,1939290588,4.4,24717,53768,45.9,,2130430,140255300,1.5,300000000,,0,18357369270,0,17933318055,43632783260,41.1,366148115,18357369270,1.9,0,100,-1146661619,1427166710,-80.4
0050,보람상조개발(주),CR202206-00010,20220630,410,FIX,2022,916651899334,941802085803,102.7,424729329918,41104191820,9.6,218272,327737,66.5,,22197617000,431173130000,5.1,5080000000,,20562098905,449879516387,4.5,413541332796,424729329918,97.3,15451663540,449879516387,3.4,0,100,-13712766565,68978432024,-19.9
0014,케이비라이프(주),CR202206-00014,20220630,410,FIX,2022,3005227500,1968403172,65.4,2296413200,1998349,0.1,760,1324,57.4,,84170000,696072700,12,100000000,,96839973,1259588872,7.6,335794545,2296413200,14.6,434521627,1259588872,34.4,0.5,96.6,187346442,3269032729,5.7
0042,(주)제이케이,CR202206-00018,20220630,410,FIX,2022,147063516190,158356255831,107.6,74340998828,7166281419,9.6,40562,47858,84.7,,3748504500,54116195000,6.9,460000000,,15649397584,85633738469,18.2,78952776533,74340998828,106.2,1874961036,85633738469,2.1,0,100,-793263507,7028046470,-11.3
0106,현대에스라이프(주),CR202306-00001,20230630,410,FIX,2023,734078445000,756945496417,103.1,272128465400,17740229544,6.5,149747,239703,62.4,,31760254000,423253500000,7.5,,2023년 신용평가,45305471740,294995516817,15.3,231674042765,272128465400,85.1,26142908855,294995516817,8.8,0,100,-8911303967,18442911936,-48.4
0046,더리본(주),CR202306-00013,20230630,410,FIX,2023,901467629020,815737210895,90.4,266561698800,28068168128,10.5,220904,245181,90,,57632837500,741415748480,7.7,2080000000,2023년 신용평가,0,180831280675,0,166545502146,266561698800,62.4,22645597750,180831280675,12.5,0.5,96.6,-9674965085,72098571885,-13.5
0117,(주)유토피아퓨처,CR202307-00001,20230703,410,FIX,2023,40835118750,31602274605,77.3,19996894950,279851208,1.4,11010,12916,85.2,,1554342900,21221919300,7.3,100000000,2023년 신용평가,0,10764050805,0,10585106484,19996894950,52.9,178944321,10764050805,1.6,0,100,-828332451,1400423262,-59.2
0116,(주)대노복지사업단,CR202307-00002,20230703,410,FIX,2023,200738502990,174271367227,86.8,76356962010,2108987590,2.8,51144,55624,91.9,,1341450000,40081179600,3.3,100000000,,709583406,49889826247,1.4,48889148366,76356962010,64,1032241704,49889826247,2,0,100,-2808768765,2120446213,-132.5
0139,보람상조애니콜(주),CR202206-00005,20220630,410,FIX,2022,265838617500,255174147227,95.9,43377417500,4478658018,10.3,54470,96276,56.5,,39052241000,470085930000,8.3,100000000,,0,32712947227,0,28581918184,43377417500,65.8,2269192043,32712947227,6.9,0,100,-6145581431,4737469232,-129.8
0141,보람상조플러스(주),CR202306-00008,20230630,410,FIX,2023,1765028000,1549960226,87.8,582452000,64516369,11,839,2594,32.3,,40650000,1341466000,3,100000000,2023년 신용평가,100669799,367384226,27.4,-607570032,582452000,-104.4,974914258,367384226,265.3,2,93.3,-223078764,105259764,-212
0111,제이에이치라이프(주),CR202306-00011,20230630,410,FIX,2023,7209814150,5005489483,69.4,6384781150,2997676,0,2206,4362,50.5,,87921200,1206000000,7.2,100000000,2023년 신용평가,0,4180456483,0,-2167347725,6384781150,-34,6347804208,4180456483,151.8,0,100,-45925901,200332330,-23
0101,보람상조피플(주),CR202306-00012,20230630,410,FIX,2023,304342078500,286922577091,94.2,202654334000,54377337572,26.8,65617,106932,61.3,,8367265000,106968076000,7.8,1090000000,2023년 신용평가,182191781,185234832591,0,172588329733,202654334000,85.1,3889897667,185234832591,2,0,100,-5947447857,13707368226,-43.4
0041,다나상조(주),CR202306-00015,20230630,410,FIX,2023,39365489500,50732230450,128.8,18411153000,6691226567,36.3,10258,10641,96.4,,2316166080,23292580000,9.9,180000000,2023년 신용평가,200000000,29777893950,0.6,19188593159,18411153000,104.2,543144791,29777893950,1.8,0.5,96.6,-612452798,1068960184,-57.3
0018,아가페라이프(주),CR202306-00019,20230630,410,FIX,2023,26437781000,20667214826,78.1,13728706000,957048027,6.9,9431,11527,81.8,,912708000,14576036000,6.2,660000000,2023년 신용평가,0,7958139826,0,3703871095,13728706000,26.9,366516731,7958139826,4.6,0,100,-861991,2910305320,-0.1
0046,더리본(주),CR202107-00016,20210701,410,FIX,2021,947534345130,889344560499,93.8,209999730300,16404821293,7.8,236568,253240,93.4,,52623641000,658985982640,7.9,,2021년도 신용평가 결과,18795068,151809945669,0,129333970170,209999730300,61.5,28094874299,151809945669,18.5,1,96.6,-24202968591,68128789096,-35.6
0013,모던종합상조(주),CR202107-00033,20210701,410,FIX,2021,37858641190,37027372498,97.8,26730410705,824664852,3,11149,18982,58.7,,829293228,12068709200,6.8,900000000,2021년도 신용평가 결과,578299970,25899142013,2.2,23894479254,26730410705,89.3,926598759,25899142013,3.5,0,100,226586080,1661447247,13.6
0116,(주)대노복지사업단,CR202107-00035,20210701,410,FIX,2021,213866464326,192847682425,90.1,68061782830,1453028413,2.1,52866,58302,90.6,,14105831800,170486980232,8.2,100000000,2021년도 신용평가 결과,0,47043000929,0,44266986991,68061782830,65,2593296776,47043000929,5.5,0,100,-6817313576,1695420435,-402.2
0041,다나상조(주),CR202206-00012,20220630,410,FIX,2022,38491880500,49181598093,127.7,18886078000,7692443172,40.7,10257,11963,85.7,,2262667730,21908100000,10.3,180000000,,200000000,29575795593,0.6,19894834686,18886078000,105.3,511926907,29575795593,1.7,0.5,96.6,-509443552,929075497,-54.9
0139,보람상조애니콜(주),CR202306-00010,20230630,410,FIX,2023,258446309500,247733053097,95.8,58041787500,11160022098,19.2,51724,103136,50.1,,35192182000,451681002000,7.7,100000000,2023년 신용평가,0,47328531097,0,42855529265,58041787500,73.8,2388537649,47328531097,5,0,100,-3021201185,7394863422,-40.9
0042,(주)제이케이,CR202306-00014,20230630,410,FIX,2023,142889546440,157998068485,110.5,76623083838,11783280801,15.3,39103,46978,83.2,,3358830000,46855245000,7.1,460000000,2023년 신용평가,19480484254,91731605883,21.2,85035618103,76623083838,110.9,2102776280,91731605883,2.2,0,100,-957020404,7757003505,-12.4
0031,크리스찬상조(주),CR202306-00020,20230630,410,FIX,2023,49729900000,42934776677,86.3,32894685700,7135435500,21.6,15718,21281,73.8,,111090000,2501500000,4.4,870000000,2023년 신용평가,6715616387,26099562377,25.7,25785626455,32894685700,78.3,313931422,26099562377,1.2,0.5,96.6,-347352545,1286197037,-27.1
0040,세종라이프(주),CR202107-00029,20210701,410,FIX,2021,25503597670,22725954283,89.1,8952011958,222900823,2.5,6647,10362,64.1,,4789948100,38302390000,12.5,200000000,2021년도 신용평가 결과,11991295,6174368571,0.1,4104362733,8952011958,45.8,1810532838,6174368571,29.3,0.5,96.6,-1842466279,356816394,-516.4
0117,(주)유토피아퓨처,CR202107-00030,20210701,410,FIX,2021,57680368250,49735387019,86.2,19597430600,861367682,4.3,14938,15715,95,,4276681300,38865242600,11,100000000,2021년도 신용평가 결과,0,11652449369,0,11202321035,19597430600,57.1,450128334,11652449369,3.8,0,100,-719283338,2860259905,-25.2
0031,크리스찬상조(주),CR202107-00037,20210701,410,FIX,2021,55391688000,48080421665,86.8,29170938700,4679985185,16,18488,23847,77.5,,509100000,7874200000,6.4,870000000,2021년도 신용평가 결과,3650000000,21859672365,16.6,21438926687,29170938700,73.4,415892678,21859672365,1.9,0,100,-326946255,1219361923,-26.9
0141,보람상조플러스(주),CR202206-00003,20220629,410,FIX,2022,3568177000,3410271671,95.5,522259000,233383288,44.6,1613,2437,66.1,,25137000,300900000,8.3,100000000,,15611366,364353671,4.2,-464902413,522259000,-89.1,856163084,364353671,234.9,5,83.3,-287368284,0,0
0048,보람상조라이프(주),CR202206-00011,20220630,410,FIX,2022,478732137500,480742468386,100.4,300792261900,46068767007,15.3,158100,243271,64.9,,16408186000,209135100000,7.8,10460000000,,45225152800,302802592786,14.9,265451527327,300792261900,88.2,36901909359,302802592786,12.1,0,100,-8911303967,14425271805,-61.8
0031,크리스찬상조(주),CR202206-00016,20220630,410,FIX,2022,51718446500,44694338044,86.4,31393202700,7066270905,22.5,17264,22321,77.3,,221430000,3707500000,5.9,870000000,,5064383562,24369094244,20.7,24110679760,31393202700,76.8,255894484,24369094244,1,0,100,-269416872,1143028175,-23.6
0033,한라상조(주),CR202206-00021,20220630,410,FIX,2022,137586162235,134866552934,98,86599530635,15415806605,17.8,39292,55077,71.3,,8651528000,102726692000,8.4,5000000000,,21805369326,83879921334,25.9,73938533395,86599530635,85.3,15827779703,83879921334,18.8,0,100,-2024843797,3234110077,-62.7
0117,(주)유토피아퓨처,CR202306-00003,20230630,410,FIX,2023,40835118750,31602274605,77.3,19996894950,279851208,1.4,11010,12916,85.2,,1554342900,21221919300,7.3,100000000,2023년 신용평가,0,10764050805,0,10585106484,19996894950,52.9,178944321,10764050805,1.6,0,100,-828332451,1400423262,-59.2
0048,보람상조라이프(주),CR202306-00005,20230630,410,FIX,2023,734078445000,756945496417,103.1,272128465400,17740229544,6.5,149747,239703,62.4,,31760254000,423253500000,7.5,10460000000,2023년 신용평가,45305471740,294995516817,15.3,231674042765,272128465400,85.1,26142908855,294995516817,8.8,0,100,-8911303967,18442911936,-48.4
0140,보람상조리더스(주),CR202107-00017,20210701,410,FIX,2021,570021880544,518546960957,90.9,327157259444,111181186846,33.9,165512,238791,69.3,,41652487950,312536741610,13.3,100000000,,395890233,275682339857,0.1,268091528042,327157259444,81.9,7590811815,275682339857,2.7,0,100,-5950882281,13206949572,-45.1
0101,보람상조피플(주),CR202107-00023,20210701,410,FIX,2021,283739870000,273933525575,96.5,206837702500,54162685116,26.1,63962,99271,64.4,,14211000,257200000,5.5,1090000000,,0,197031358075,0,183158196049,206837702500,88.5,3294191297,197031358075,1.6,0,100,-4102456264,8971472364,-45.8
0047,한강라이프(주),CR202107-00027,20210701,410,FIX,2021,229762857400,166552789210,72.4,135455910800,2634466287,1.9,54867,78393,69.9,,8334691140,82606470000,10,1520000000,,1412052438,72245842610,1.9,53101596614,135455910800,39.2,1641285996,72245842610,2.2,0,100,-4771094595,4187796005,-114
0014,케이비라이프(주),CR202107-00031,20210701,410,FIX,2021,3176355600,1548501942,48.7,2515797600,851052,0,759,1324,57.3,,25688000,308112700,8.3,100000000,,125666759,887943942,14.1,330003001,2515797600,13.1,106221941,887943942,11.9,0.5,96.6,-128361892,122942827,-104.5
0140,보람상조리더스(주),CR202206-00004,20220630,410,FIX,2022,528148723900,463502442826,87.7,344162112957,104328066281,30.3,151128,226066,66.8,,21534177390,167210122000,12.8,100000000,,1339122496,279515831883,0.4,280792755908,344162112957,81.5,2040351038,279515831883,0.7,0,100,-697935215,16631660237,-4.2
0111,제이에이치라이프(주),CR202206-00006,20220630,410,FIX,2022,7713569150,5382497719,69.7,6764608150,208219378,3,2371,4563,51.9,,149396200,2281500000,6.5,100000000,,0,4433536719,0,-1738683898,6764608150,-25.8,6171928457,4433536719,139.2,0.5,96.6,-193437943,152920000,-126.5
0018,아가페라이프(주),CR202206-00013,20220630,410,FIX,2022,25858338000,20711298382,80,14527157000,1169136139,8,9551,10804,88.4,,927123000,13778516000,6.7,660000000,,0,9380117382,0,5232683798,14527157000,36,531693584,9380117382,5.6,0.5,96.6,-444913618,1703871895,-26.2
0117,(주)유토피아퓨처,CR202206-00017,20220630,410,FIX,2022,43223693950,33893983911,78.4,19728205600,691037832,3.5,11530,12616,91.3,,2921505300,29716678400,9.8,100000000,,0,10398495561,0,10274843034,19728205600,52,123652527,10398495561,1.1,0,100,-747379463,1156782494,-64.7
0040,세종라이프(주),CR202206-00019,20220630,410,FIX,2022,23703293430,19786143171,83.4,9864829958,169495431,1.7,6100,10626,57.4,,3932187600,30620830000,12.8,200000000,,58900000,5947679699,0.9,4170776176,9864829958,42.2,1499477523,5947679699,25.2,0.5,96.6,-1095359079,356937276,-306.9
0116,(주)대노복지사업단,CR202306-00004,20230630,410,FIX,2023,200738502990,174271367227,86.8,76356962010,2108987590,2.8,51144,55624,91.9,,1341450000,40081179600,3.3,100000000,2023년 신용평가,709583406,49889826247,1.4,48889148366,76356962010,64,1032241704,49889826247,2,0,100,-2808768765,2120446213,-132.5
0050,보람상조개발(주),CR202306-00006,20230630,410,FIX,2023,928737343460,967896785196,104.2,429590495152,48872763425,11.3,212329,325459,65.2,,13651000000,384525526000,3.5,5080000000,2023년 신용평가,23296511349,468749936888,4.9,433977139925,429590495152,101,15346108385,468749936888,3.2,0,100,16341266430,94720797019,17.2
0040,세종라이프(주),CR202306-00016,20230630,410,FIX,2023,23486858930,18900041659,80.4,10581622218,67698825,0.6,5956,10194,58.4,,696061600,6788760000,10.2,200000000,2023년 신용평가,59860000,5994804947,0.9,4294796707,10581622218,40.5,1393184000,5994804947,23.2,0.5,96.6,-935192815,412822727,-226.6
0031,크리스찬상조(주),CR202306-00018,20230630,410,FIX,2023,49729900000,42934776677,86.3,32894685700,7135435500,21.6,15718,21281,73.8,,111090000,2501500000,4.4,870000000,2023년 신용평가,6715616387,26099562377,25.7,25785626455,32894685700,78.3,313931422,26099562377,1.2,0.5,96.6,-347352545,1286197037,-27.1
0139,보람상조애니콜(주),CR202107-00018,20210701,410,FIX,2021,252177602500,247440026816,98.1,25128657500,1431189005,5.6,52282,72583,72,,29939193000,360401150000,8.3,100000000,,0,20391081816,0,16987945630,25128657500,67.6,2324979186,20391081816,11.4,0,100,-6230458891,2558943902,-243.5
0018,아가페라이프(주),CR202107-00024,20210701,410,FIX,2021,25500032000,19935163454,78.1,15203231000,2439712275,16,10225,11239,90.9,,706713000,10171892000,6.9,660000000,,0,9638362454,0,6103842832,15203231000,40.1,192970472,9638362454,2,0.5,96.6,-605202869,870224321,-69.6
0014,케이비라이프(주),CR202107-00026,20210701,410,FIX,2021,3176355600,1548501942,48.7,2515797600,851052,0,759,1324,57.3,,25688000,308112700,8.3,100000000,,125666759,887943942,14.1,330003001,2515797600,13.1,106221941,887943942,11.9,0.5,96.6,-128361892,122942827,-104.5
0051,보람상조실로암(주),CR202107-00028,20210701,410,FIX,2021,92469713710,67641447407,73.1,43471178960,1844523130,4.2,25971,55696,46.6,,46260430,4866750600,0.9,300000000,,0,18642912657,0,18292041052,43471178960,42,254723308,18642912657,1.3,0,100,-1317426563,1375895004,-95.8
0046,더리본(주),CR202107-00032,20210701,410,FIX,2021,947534345130,889344560499,93.8,209999730300,16404821293,7.8,236568,253240,93.4,,52623641000,658985982640,7.9,2080000000,2021년도 신용평가 결과,18795068,151809945669,0,129333970170,209999730300,61.5,28094874299,151809945669,18.5,1,96.6,-24202968591,68128789096,-35.6
0033,한라상조(주),CR202107-00036,20210701,410,FIX,2021,160462591035,161619245580,100.7,91390550415,8267160074,9,46654,54653,85.3,,8489142000,84853392000,10,5000000000,2021년도 신용평가 결과,20974556165,92547204960,22.6,76122477406,91390550415,83.2,22463407798,92547204960,24.2,0,100,-2194926978,4449986909,-49.4
0135,(주)위드라이프그룹,CR202107-00038,20210701,410,FIX,2021,85067197580,75917910325,89.2,36008602080,773546417,2.1,20652,35861,57.5,,6797133550,60867960000,11.1,100000000,2021년도 신용평가,108842,26859314825,0,18756470563,36008602080,52,1258784262,26859314825,4.6,0,100,-4710160814,3151556525,-149.5
0141,보람상조플러스(주),AD202204-00001,20220401,410,FIX,2022,3568177000,3410271671,95.5,522259000,233383288,44.6,845,2437,34.6,,25137000,300900000,8.4,,,,,,,,,,,,,,,,
0106,현대에스라이프(주),CR202206-00007,20220630,410,FIX,2022,121476358500,157745694998,129.8,55150068150,13203173315,23.9,30740,60369,50.9,,3132328166,104160222500,3,600000000,,12722191780,91419404648,13.9,64774227456,55150068150,117.4,18838921942,91419404648,20.6,0.5,96.6,-465418476,8197115422,-5.7
0116,(주)대노복지사업단,CR202206-00020,20220630,410,FIX,2022,201241714240,177101608737,88,72836646540,2424708587,3.3,50062,53295,93.9,,6421885760,86767323792,7.4,100000000,,709712101,48696541037,1.4,47228234953,72836646540,64.8,1531490463,48696541037,3.1,0,100,-4000750981,1540688905,-259.7
0106,현대에스라이프(주),CR202306-00002,20230630,410,FIX,2023,125903111600,165146291440,131.1,56044615000,9643416857,17.2,31798,62278,51,,4259962176,93725147500,4.5,600000000,2023년 신용평가,13646575341,95287794840,14.3,68260228737,56044615000,121.7,19345440603,95287794840,20.3,1,96.6,1691639226,11145509781,15.1
0033,한라상조(주),CR202306-00017,20230630,410,FIX,2023,119934663535,124654906359,103.9,78317955135,7130362792,9.1,34430,52191,65.9,,3752036000,55540832000,6.7,5000000000,2023년 신용평가,22171643182,83038197959,26.7,74153198777,78317955135,94.6,15066749246,83038197959,18.1,0,100,-1311275762,3411488454,-38.5
0117,(주)유토피아퓨처,CR202107-00015,20210701,410,FIX,2021,57680368250,49735387019,86.2,19597430600,861367682,4.3,14938,15715,95,,4276681300,38865242600,11,,2021년도 신용평가 결과,0,11652449369,0,11202321035,19597430600,57.1,450128334,11652449369,3.8,0,100,-719283338,2860259905,-25.2
0041,다나상조(주),CR202107-00019,20210701,410,FIX,2021,40430752000,50244715255,124.2,19095933500,7638250945,39.9,10887,12593,86.4,,2371517140,22653740000,10.4,180000000,,200000000,28909896755,0.6,20196259785,19095933500,105.7,508974104,28909896755,1.7,0.5,96.6,-603168284,928878953,-65
0042,(주)제이케이,CR202107-00034,20210701,410,FIX,2021,150804869690,161850309167,107.3,72076402368,5547392483,7.6,42090,47701,88.2,,3788149500,53899185000,7,460000000,2021년도 신용평가 결과,18468003569,83121841845,22.2,74401036111,72076402368,103.2,3644155534,83121841845,4.3,0,100,-1865597314,6777132814,-27.6
0141,보람상조플러스(주),CR202206-00001,20220629,410,FIX,2022,3568177000,3410271671,95.5,522259000,233383288,44.6,1613,2437,66.1,,25137000,300900000,8.3,100000000,,15611366,364353671,4.2,-464902413,522259000,-89.1,856163084,364353671,234.9,5,83.3,-287368284,1,-28736828400
0141,보람상조플러스(주),CR202206-00002,20220629,410,FIX,2022,3568177000,3410271671,95.5,522259000,233383288,44.6,1613,2437,66.1,,25137000,300900000,8.3,100000000,,15611366,364353671,4.2,-464902413,522259000,-89.1,856163084,364353671,234.9,5,83.3,-287368284,0,0
0101,보람상조피플(주),CR202206-00008,20220630,410,FIX,2022,278932387500,271639281103,97.3,205637070000,38165604231,18.5,63158,98789,63.9,,2214049000,26536900000,8.3,1090000000,,0,198343963603,0,180437342520,205637070000,87.7,7115505401,198343963603,3.5,0,100,-6473972756,10260959946,-63.1
0046,더리본(주),CR202206-00015,20220630,410,FIX,2022,923724709260,847521700598,91.7,235601041300,16517987824,7,226621,255281,88.7,,59298132500,745332196000,7.9,2080000000,,0,159398032638,0,140499318578,235601041300,59.6,26921498132,159398032638,16.8,0.5,96.6,-19103571670,57316827800,-33.4
0033,한라상조(주),CR202206-00022,20220630,410,FIX,2022,137586162235,134866552934,98,86599530635,15415806605,17.8,39292,55077,71.3,,8651528000,102726692000,8.4,5000000000,,21805369326,83879921334,25.9,73938533395,86599530635,85.3,15827779703,83879921334,18.8,0,100,-2024843797,3234110077,-62.7
0116,(주)대노복지사업단,CR202206-00023,20220630,410,FIX,2022,201241714240,177101608737,88,72836646540,2424708587,3.3,50062,53295,93.9,,6421885760,86767323792,7.4,100000000,,709712101,48696541037,1.4,47228234953,72836646540,64.8,1531490463,48696541037,3.1,0,100,-4000750981,1540688905,-259.7
0051,보람상조실로암(주),CR202306-00007,20230630,410,FIX,2023,78412575350,52980346359,67.5,43628515960,1906584552,4.3,21461,52322,41,,0,3900000,0,300000000,2023년 신용평가,0,18196286969,0,17858662700,43628515960,40.9,327900969,18196286969,1.8,0,100,-624477730,1990377602,-31.4
0140,보람상조리더스(주),CR202306-00009,20230630,410,FIX,2023,520482017060,464261137901,89.1,351292486817,90499808709,25.7,144745,221585,65.3,,2513731050,57753876000,4.3,100000000,2023년 신용평가,1330858006,295071607658,0.4,290126044156,351292486817,82.5,5988847558,295071607658,2,0,100,1253568142,21390562374,5.8
0116,(주)대노복지사업단,CR202307-00003,20230703,410,FIX,2023,200738502990,174271367227,86.8,76356962010,2108987590,2.8,51144,55624,91.9,,1341450000,40081179600,3.3,100000000,,709583406,49889826247,1.4,48889148366,76356962010,64,1032241704,49889826247,2,0,100,-2808768765,2120446213,-132.5
0111,제이에이치라이프(주),CR202407-00001,20240701,410,FIX,2024,6719212750,4853502295,72.2,6011723750,4362870,0.1,2033,4172,48.7,,33016200,459000000,7.1,100000000,2024년 신용평가,0,4146013295,0,-2606442426,6011723750,-43.4,6752455721,4146013295,162.8,0,100,-52891765,159757550,-33.2
0117,(주)유토피아퓨처,CR202407-00002,20240701,410,FIX,2024,37084243650,27372372610,73.8,19918379650,108123703,0.5,10021,11991,83.5,,237812700,6857156700,3.4,100000000,2024년 신용평가,0,10206508610,0,10023628865,19918379650,50.3,182879745,10206508610,1.7,0,100,-463542582,956057386,-48.5
0106,현대에스라이프(주),CR202407-00004,20240701,410,FIX,2024,134713772400,178035700494,132.1,57467016550,10953045669,19,33137,66205,50,,6055890816,91287321000,6.6,600000000,2024년 신용평가,11469000000,100788944644,11.3,73935262473,57467016550,128.6,26664228671,100788944644,26.4,1,96.6,2141243233,11434012851,18.7
0101,보람상조피플(주),CR202407-00005,20240701,410,FIX,2024,395004250000,378732509422,95.8,200102076000,47404800448,23.6,84776,129399,65.5,,20155164000,255090812000,7.9,1090000000,2024년 신용평가,300000000,183830335422,0.1,171235803808,200102076000,85.5,4078130356,183830335422,2.2,0,100,-5498348676,14782586054,-37.2
0046,더리본(주),CR202407-00006,20240701,410,FIX,2024,902566493080,820593751338,90.9,293561416650,49410263797,16.8,220877,240765,91.7,,39313878000,525067761280,7.4,2080000000,2024년 신용평가,0,211588674908,0,190895696072,293561416650,65,28655812236,211588674908,13.5,0,100,-3223184079,83785038388,-3.9
0041,다나상조(주),CR202407-00010,20240701,410,FIX,2024,41246404500,52920544816,128.3,17863223500,5115925350,28.6,10455,12188,85.7,,2669874400,27274680000,9.7,180000000,2024년 신용평가,200000000,29537363816,0.6,18551035076,17863223500,103.8,656300447,29537363816,2.2,0,100,-590888733,999228814,-59.2
0116,(주)대노복지사업단,CR202407-00014,20240701,410,FIX,2024,216860909410,188103420451,86.7,76162401410,2909518411,3.8,54270,59665,90.9,,2802776000,65382082000,4.2,100000000,2024년 신용평가,0,47404912451,0,46295340788,76162401410,60.7,1149268952,47404912451,2.4,0,100,-3567472431,2015195510,-177.1
0048,보람상조라이프(주),CR202407-00020,20240701,410,FIX,2024,1535783159000,1550848450436,100.9,301093867400,1688123126,0.6,318498,421894,75.4,,112756029000,1401859200000,8,10460000000,2024년 신용평가,19112187118,316159158836,6,251190201339,301093867400,83.4,28269718587,316159158836,8.9,0,100,-15460219291,19330945625,-80
0140,보람상조리더스(주),CR202407-00022,20240701,410,FIX,2024,476005096270,426763539428,89.6,351113308277,52628811773,14.9,134845,209989,64.2,,2145946400,68463180000,3.1,100000000,2024년 신용평가,13652122198,301871751435,4.5,292328638252,351113308277,83.2,9540357023,301871751435,3.1,0,100,1462663391,26112178851,5.6
0139,보람상조애니콜(주),CR202407-00024,20240701,410,FIX,2024,330106675500,320193731165,96.9,74507168500,17301198368,23.2,67068,124511,53.8,,27876400000,372491692000,7.4,100000000,2024년 신용평가,0,64594224165,0,59535626184,74507168500,79.9,1976282798,64594224165,3,0,100,-1396600441,9012186073,-15.5
0051,보람상조실로암(주),CR202407-00025,20240701,410,FIX,2024,74418466550,49158619078,66,43697611910,2186094205,5,20848,50772,41,,50180000,745730000,6.7,300000000,2024년 신용평가,0,18437764438,0,18061548489,43697611910,41.3,355431149,18437764438,1.9,0,100,-455655258,1707490509,-26.7
0018,아가페라이프(주),CR202506-00002,20250630,410,FIX,2025,23822323000,19342045938,81.1,11781076000,1310503644,11.1,7988,10099,79,,860420000,14272800000,6,660000000,,2751923,7300798938,0,2442268346,11781076000,20.7,748040592,7300798938,10.2,0,100,-165107853,2406531339,-6.9
0040,세종라이프(주),CR202506-00004,20250630,410,FIX,2025,20282681930,14663414128,72.2,11757091968,238213960,2,5029,9713,51.7,,518178000,6189480000,8.3,200000000,,79628743,6137824166,1.2,4623731421,11757091968,39.3,1179172675,6137824166,19.2,0.5,96.6,-643040394,395452400,-162.7
0051,보람상조실로암(주),CR202506-00010,20250630,410,FIX,2025,69934867610,44868465140,64.1,43393154160,2179406916,5,19570,49316,39.6,,57700000,867540000,6.6,300000000,,0,18326751690,0,17974559779,43393154160,41.4,330554611,18326751690,1.8,0,100,-259983555,1834511820,-14.2
0101,보람상조피플(주),CR202506-00011,20250630,410,FIX,2025,724298375500,709904742254,98,202368916000,38656742972,19.1,154412,204076,75.6,,40620260000,618496072000,6.5,1090000000,,253551913,187975282754,0.1,168762772652,202368916000,83.3,10727276698,187975282754,5.7,0,100,-7120527842,15272470385,-46.7
0106,현대에스라이프(주),CR202506-00015,20250630,410,FIX,2025,141587757200,188982051659,133.4,58866519750,12996491849,22,33931,69529,48.8,,7816478978,85408226000,9.1,600000000,,11959491803,106260814209,11.2,80848560888,58866519750,137.3,26087323821,106260814209,24.5,0.5,96.6,1922434783,10721944767,17.9
0140,보람상조리더스(주),CR202506-00019,20250630,410,FIX,2025,462110381710,429134657816,92.8,346762339347,51552370006,14.8,127003,204372,62.1,,3937993000,93461100000,4.2,100000000,,12173829840,313786615453,3.8,294879676323,346762339347,85,18906337930,313786615453,6,0,100,160059751,27811564383,0.5
0116,(주)대노복지사업단,CR202407-00003,20240701,410,FIX,2024,216860909410,188103420451,86.7,76162401410,2909518411,3.8,54270,59665,90.9,,2802776000,65382082000,4.2,100000000,2024년 신용평가,0,47404912451,0,46295340788,76162401410,60.7,1149268952,47404912451,2.4,0,100,-3567472431,2015195510,-177.1
0042,(주)제이케이,CR202407-00007,20240701,410,FIX,2024,137253273270,155054561299,112.9,76510961690,11538037993,15,37089,43414,85.4,,3169900000,42951945000,7.3,460000000,2024년 신용평가,15724763704,94312249719,16.6,88719067840,76510961690,115.9,886380579,94312249719,0.9,0,100,-894486655,7833742814,-11.5
0041,다나상조(주),CR202407-00008,20240701,410,FIX,2024,41246404500,52920544816,128.3,17863223500,5115925350,28.6,10455,12188,85.7,,2669874400,27274680000,9.7,180000000,2024년 신용평가,200000000,29537363816,0.6,18551035076,17863223500,103.8,656300447,29537363816,2.2,0,100,-590888733,999228814,-59.2
0040,세종라이프(주),CR202407-00009,20240701,410,FIX,2024,22384925930,17253344811,77,11363028868,158683425,1.4,5611,10254,54.7,,623472400,6819120000,9.1,200000000,2024년 신용평가,62900000,6231447749,1,4573990816,11363028868,40.2,1321779055,6231447749,21.2,1,96.6,-719088274,440782727,-163.2
0042,(주)제이케이,CR202407-00011,20240701,410,FIX,2024,137253273270,155054561299,112.9,76510961690,11538037993,15,37089,43414,85.4,,3169900000,42951945000,7.3,460000000,2024년 신용평가,15724763704,94312249719,16.6,88719067840,76510961690,115.9,886380579,94312249719,0.9,0,100,-894486655,7833742814,-11.5
0106,현대에스라이프(주),CR202407-00015,20240701,410,FIX,2024,134713772400,178035700494,132.1,57467016550,10953045669,19,33137,66205,50,,6055890816,91287321000,6.6,600000000,2024년 신용평가,11469000000,100788944644,11.3,73935262473,57467016550,128.6,26664228671,100788944644,26.4,1,96.6,2141243233,11434012851,18.7
0101,보람상조피플(주),CR202407-00016,20240701,410,FIX,2024,395004250000,378732509422,95.8,200102076000,47404800448,23.6,84776,129399,65.5,,20155164000,255090812000,7.9,1090000000,2024년 신용평가,300000000,183830335422,0.1,171235803808,200102076000,85.5,4078130356,183830335422,2.2,0,100,-5498348676,14782586054,-37.2
0031,크리스찬상조(주),CR202407-00017,20240701,410,FIX,2024,52843689000,47400787276,89.6,33933721200,5490334179,16.1,16826,21782,77.2,,469540000,9534600000,4.9,870000000,2024년 신용평가,9159728219,28490819476,32.1,28137858980,33933721200,82.9,347497496,28490819476,1.2,1,96.6,-588776218,1307591859,-45.1
0033,한라상조(주),CR202506-00001,20250630,410,FIX,2025,109811952954,110202870520,100.3,60761698024,3777648118,6.2,31656,41651,76,,257316000,3431435000,7.4,5000000000,,16752322373,61152615590,27.3,53035274127,60761698024,87.2,15382281304,61152615590,25.1,0,100,-1045435830,2775283201,-37.7
0031,크리스찬상조(주),CR202506-00003,20250630,410,FIX,2025,54521278500,48836335610,89.5,34376764850,1065275029,3,16991,21853,77.7,,791000000,12806900000,6.1,870000000,,15146523279,28691821960,52.7,28349312785,34376764850,82.4,329366175,28691821960,1.1,0.5,96.6,-1085057218,1108735309,-97.9
0042,(주)제이케이,CR202506-00006,20250630,410,FIX,2025,131894059970,155183370112,117.6,75630465630,11798228603,15.5,35319,43411,81.3,,3063830000,40753920000,7.5,460000000,,27012353080,98919775772,27.3,92858787866,75630465630,122.7,1472215706,98919775772,1.4,0,100,-549307016,13698013515,-4.1
0046,더리본(주),CR202506-00007,20250630,410,FIX,2025,918194264550,831209092955,90.5,314250694950,65532470587,20.8,221761,238693,92.9,,33733491500,471723871520,7.1,2080000000,,0,227265523355,0,212304571463,314250694950,67.5,23337820642,227265523355,10.2,0,100,-5206435235,86670101373,-6.1
0139,보람상조애니콜(주),CR202506-00012,20250630,410,FIX,2025,427665083500,415631968363,97.1,95279436500,20974570805,22,79262,150033,52.8,,28309069000,421812602000,6.7,100000000,,5300000000,83246321363,6.3,77466191362,95279436500,81.3,2711646056,83246321363,3.2,0,100,-3640707018,9315329247,-39.1
0140,보람상조리더스(주),CR202506-00013,20250630,410,FIX,2025,462110381710,429134657816,92.8,346762339347,51552370006,14.8,127003,204372,62.1,,3937993000,93461100000,4.2,100000000,,12173829840,313786615453,3.8,294879676323,346762339347,85,18906337930,313786615453,6,0,100,160059751,27811564383,0.5
0141,보람상조플러스(주),CR202506-00014,20250630,410,FIX,2025,2319870500,2177647994,93.8,809703000,23344066,2.9,904,2817,32,,107963000,2419876000,4.4,100000000,,100669799,667480494,15,-766159172,809703000,-94.7,1433600666,667480494,214.7,2,93.3,-89143146,11784550,-756.5
0046,더리본(주),CR202407-00012,20240701,410,FIX,2024,902566493080,820593751338,90.9,293561416650,49410263797,16.8,220877,240765,91.7,,39313878000,525067761280,7.4,2080000000,2024년 신용평가,0,211588674908,0,190895696072,293561416650,65,28655812236,211588674908,13.5,0,100,-3223184079,83785038388,-3.9
0117,(주)유토피아퓨처,CR202407-00013,20240701,410,FIX,2024,37084243650,27372372610,73.8,19918379650,108123703,0.5,10021,11991,83.5,,237812700,6857156700,3.4,100000000,2024년 신용평가,0,10206508610,0,10023628865,19918379650,50.3,182879745,10206508610,1.7,0,100,-463542582,956057386,-48.5
0033,한라상조(주),CR202407-00018,20240701,410,FIX,2024,107888751035,109355237622,101.3,67569694335,5928550069,8.7,31118,43400,71.7,,328459000,20380335000,1.6,5000000000,2024년 신용평가,22171643182,69036180922,32.1,60107760831,67569694335,88.9,15021185203,69036180922,21.7,0,100,-1309972435,3138353079,-41.8
0018,아가페라이프(주),CR202407-00019,20240701,410,FIX,2024,25453968000,20878453327,82,12864276000,661077572,5.1,8854,10961,80.7,,931380000,15211824000,6.1,660000000,2024년 신용평가,0,8288761327,0,3579575557,12864276000,27.8,766340770,8288761327,9.2,0,100,92140654,3098580172,2.9
0050,보람상조개발(주),CR202407-00021,20240701,410,FIX,2024,920176611183,966572352961,105,449005210755,50073381718,11.1,212223,326980,64.9,,9836933000,245792810600,4,5080000000,2024년 신용평가,12990014076,495400952533,2.6,471905194729,449005210755,105.1,15351035298,495400952533,3,0,100,12783987405,101173110470,12.6
0141,보람상조플러스(주),CR202407-00023,20240701,410,FIX,2024,2569321500,2283905989,88.8,682913000,28390651,4.1,994,2833,35,,132300000,2712396000,4.8,100000000,2024년 신용평가,100669799,397497489,25.3,-573148060,682913000,-84,970467549,397497489,244.1,2,93.3,-119277381,204134360,-58.5
0111,제이에이치라이프(주),CR202407-00026,20240701,410,FIX,2024,6719212750,4853502295,72.2,6011723750,4362870,0.1,2033,4172,48.7,,33016200,459000000,7.1,100000000,2024년 신용평가,0,4146013295,0,-2606442426,6011723750,-43.4,6752455721,4146013295,162.8,0,100,-52891765,159757550,-33.2
0041,다나상조(주),CR202506-00005,20250630,410,FIX,2025,43082903000,58153396264,134.9,17487209500,2939012182,16.8,10660,12825,83.1,,3270222250,33697740000,9.7,180000000,,200000000,32557702764,0.6,17973975108,17487209500,102.7,4465287656,32557702764,13.7,0,100,-529025984,1012327032,-52.3
0048,보람상조라이프(주),CR202506-00008,20250630,410,FIX,2025,2277146515500,2277043413801,99.9,393160643900,829908630,0.2,519598,645782,80.4,,189984240000,2317314390000,8.1,10460000000,,15057040284,393057542201,3.8,348955390347,393160643900,88.7,37702732444,393057542201,9.5,0,100,-7206076021,24297034961,-29.7
0050,보람상조개발(주),CR202506-00009,20250630,410,FIX,2025,1013694619841,1115948518366,110,478752187828,45249374965,9.4,241401,362171,66.6,,11757232000,341363392000,3.4,5080000000,,17477761076,581006086353,3,554600897798,478752187828,115.8,46454974202,581006086353,7.9,0,100,8153131335,120931037891,6.7
0111,제이에이치라이프(주),CR202506-00016,20250630,410,FIX,2025,6168142750,4435729192,71.9,5538246250,2877892,0.1,1838,3943,46.6,,700000,13500000,5.1,100000000,,0,3805832692,0,-3087083484,5538246250,-55.8,6892916176,3805832692,181.1,0,100,-27516469,203346150,-13.6
0116,(주)대노복지사업단,CR202506-00017,20250630,410,FIX,2025,212781817390,183750965278,86.3,73563420440,2021565114,2.7,52753,57824,91.2,,3606618000,80871578000,4.4,100000000,,0,44532568328,0,42156729163,73563420440,57.3,2204563424,44532568328,4.9,0,100,-3833218851,1946774839,-197
0117,(주)유토피아퓨처,CR202506-00018,20250630,410,FIX,2025,33012399350,22847168767,69.2,19508173550,262327062,1.3,8874,11024,80.4,,203482200,4445620900,4.5,100000000,,0,9342942967,0,9234131256,19508173550,47.3,108811711,9342942967,1.1,0,100,-381964110,912302664,-41.9
0031,크리스찬상조(주),CR202506-00020,20250630,410,FIX,2025,54521278500,48836335610,89.5,34376764850,1065275029,3,16991,21853,77.7,,791000000,12806900000,6.1,870000000,,15146523279,28691821960,52.7,28349312785,34376764850,82.4,329366175,28691821960,1.1,0.5,96.6,-1085057218,1108735309,-97.9
